cycle,layer,tile_id,pe_row,pe_col,bin_id,d,act_value,weight_value,lane_products,product_sum,partial_sum,packed_issue_id
1,features.0,0,0,0,0,1,0,11,[0:7]: 11*0=0,0,0,1
2,features.0,0,0,0,1,1,0,-36,[0:7]: -36*0=0,0,0,2
3,features.0,0,0,0,2,1,0,26,[0:7]: 26*0=0,0,0,3
4,features.0,0,0,0,3,1,0,33,[0:7]: 33*0=0,0,0,4
5,features.0,0,0,0,4,1,98,-68,[0:7]: -68*98=-6664,-6664,-6664,5
6,features.0,0,0,0,5,1,56,-45,[0:7]: -45*56=-2520,-9184,-9184,6
7,features.0,0,0,0,6,1,0,4,[0:7]: 4*0=0,-9184,-9184,7
8,features.0,0,0,0,7,1,41,-11,[0:7]: -11*41=-451,-9635,-9635,8
9,features.0,0,0,0,8,1,47,-1,[0:7]: -1*47=-47,-9682,-9682,9
10,features.0,0,0,0,9,1,0,-30,[0:7]: -30*0=0,-9682,-9682,10
11,features.0,0,0,0,10,1,0,31,[0:7]: 31*0=0,-9682,-9682,11
12,features.0,0,0,0,11,1,0,27,[0:7]: 27*0=0,-9682,-9682,12
13,features.0,0,0,0,12,1,0,2,[0:7]: 2*0=0,-9682,-9682,13
14,features.0,0,0,0,13,1,84,39,[0:7]: 39*84=3276,-6406,-6406,14
15,features.0,0,0,0,14,1,38,16,[0:7]: 16*38=608,-5798,-5798,15
16,features.0,0,0,0,15,1,0,-30,[0:7]: -30*0=0,-5798,-5798,16
17,features.0,0,0,0,16,1,116,13,[0:7]: 13*116=1508,-4290,-4290,17
18,features.0,0,0,0,17,1,26,-33,[0:7]: -33*26=-858,-5148,-5148,18
19,features.0,0,0,0,18,1,0,31,[0:7]: 31*0=0,-5148,-5148,19
20,features.0,0,0,0,19,1,0,-2,[0:7]: -2*0=0,-5148,-5148,20
21,features.0,0,0,0,20,1,0,-6,[0:7]: -6*0=0,-5148,-5148,21
22,features.0,0,0,0,21,1,0,-24,[0:7]: -24*0=0,-5148,-5148,22
23,features.0,0,0,0,22,1,19,43,[0:7]: 43*19=817,-4331,-4331,23
24,features.0,0,0,0,23,1,43,-5,[0:7]: -5*43=-215,-4546,-4546,24
25,features.0,0,0,0,24,1,0,-15,[0:7]: -15*0=0,-4546,-4546,25
26,features.0,0,0,0,25,1,50,-12,[0:7]: -12*50=-600,-5146,-5146,26
27,features.0,0,0,0,26,1,25,19,[0:7]: 19*25=475,-4671,-4671,27
271,features.0,10,0,0,0,1,0,11,[0:7]: 11*0=0,0,0,271
272,features.0,10,0,0,1,1,67,-36,[0:7]: -36*67=-2412,-2412,-2412,272
273,features.0,10,0,0,2,1,13,26,[0:7]: 26*13=338,-2074,-2074,273
274,features.0,10,0,0,3,1,0,33,[0:7]: 33*0=0,-2074,-2074,274
275,features.0,10,0,0,4,1,116,-68,[0:7]: -68*116=-7888,-9962,-9962,275
276,features.0,10,0,0,5,1,61,-45,[0:7]: -45*61=-2745,-12707,-12707,276
277,features.0,10,0,0,6,1,0,4,[0:7]: 4*0=0,-12707,-12707,277
278,features.0,10,0,0,7,1,72,-11,[0:7]: -11*72=-792,-13499,-13499,278
279,features.0,10,0,0,8,1,73,-1,[0:7]: -1*73=-73,-13572,-13572,279
280,features.0,10,0,0,9,1,0,-30,[0:7]: -30*0=0,-13572,-13572,280
281,features.0,10,0,0,10,1,74,31,[0:7]: 31*74=2294,-11278,-11278,281
282,features.0,10,0,0,11,1,1,27,[0:7]: 27*1=27,-11251,-11251,282
283,features.0,10,0,0,12,1,0,2,[0:7]: 2*0=0,-11251,-11251,283
284,features.0,10,0,0,13,1,125,39,[0:7]: 39*125=4875,-6376,-6376,284
285,features.0,10,0,0,14,1,77,16,[0:7]: 16*77=1232,-5144,-5144,285
286,features.0,10,0,0,15,1,0,-30,[0:7]: -30*0=0,-5144,-5144,286
287,features.0,10,0,0,16,1,83,13,[0:7]: 13*83=1079,-4065,-4065,287
288,features.0,10,0,0,17,1,111,-33,[0:7]: -33*111=-3663,-7728,-7728,288
289,features.0,10,0,0,18,1,0,31,[0:7]: 31*0=0,-7728,-7728,289
290,features.0,10,0,0,19,1,110,-2,[0:7]: -2*110=-220,-7948,-7948,290
291,features.0,10,0,0,20,1,47,-6,[0:7]: -6*47=-282,-8230,-8230,291
292,features.0,10,0,0,21,1,0,-24,[0:7]: -24*0=0,-8230,-8230,292
293,features.0,10,0,0,22,1,47,43,[0:7]: 43*47=2021,-6209,-6209,293
294,features.0,10,0,0,23,1,66,-5,[0:7]: -5*66=-330,-6539,-6539,294
295,features.0,10,0,0,24,1,0,-15,[0:7]: -15*0=0,-6539,-6539,295
296,features.0,10,0,0,25,1,76,-12,[0:7]: -12*76=-912,-7451,-7451,296
297,features.0,10,0,0,26,1,101,19,[0:7]: 19*101=1919,-5532,-5532,297
541,features.0,20,0,0,0,1,0,11,[0:7]: 11*0=0,0,0,541
542,features.0,20,0,0,1,1,93,-36,[0:7]: -36*93=-3348,-3348,-3348,542
543,features.0,20,0,0,2,1,56,26,[0:7]: 26*56=1456,-1892,-1892,543
544,features.0,20,0,0,3,1,0,33,[0:7]: 33*0=0,-1892,-1892,544
545,features.0,20,0,0,4,1,94,-68,[0:7]: -68*94=-6392,-8284,-8284,545
546,features.0,20,0,0,5,1,102,-45,[0:7]: -45*102=-4590,-12874,-12874,546
547,features.0,20,0,0,6,1,0,4,[0:7]: 4*0=0,-12874,-12874,547
548,features.0,20,0,0,7,1,127,-11,[0:7]: -11*127=-1397,-14271,-14271,548
549,features.0,20,0,0,8,1,89,-1,[0:7]: -1*89=-89,-14360,-14360,549
550,features.0,20,0,0,9,1,0,-30,[0:7]: -30*0=0,-14360,-14360,550
551,features.0,20,0,0,10,1,82,31,[0:7]: 31*82=2542,-11818,-11818,551
552,features.0,20,0,0,11,1,88,27,[0:7]: 27*88=2376,-9442,-9442,552
553,features.0,20,0,0,12,1,0,2,[0:7]: 2*0=0,-9442,-9442,553
554,features.0,20,0,0,13,1,117,39,[0:7]: 39*117=4563,-4879,-4879,554
555,features.0,20,0,0,14,1,108,16,[0:7]: 16*108=1728,-3151,-3151,555
556,features.0,20,0,0,15,1,0,-30,[0:7]: -30*0=0,-3151,-3151,556
557,features.0,20,0,0,16,1,24,13,[0:7]: 13*24=312,-2839,-2839,557
558,features.0,20,0,0,17,1,101,-33,[0:7]: -33*101=-3333,-6172,-6172,558
559,features.0,20,0,0,18,1,0,31,[0:7]: 31*0=0,-6172,-6172,559
560,features.0,20,0,0,19,1,50,-2,[0:7]: -2*50=-100,-6272,-6272,560
561,features.0,20,0,0,20,1,72,-6,[0:7]: -6*72=-432,-6704,-6704,561
562,features.0,20,0,0,21,1,0,-24,[0:7]: -24*0=0,-6704,-6704,562
563,features.0,20,0,0,22,1,32,43,[0:7]: 43*32=1376,-5328,-5328,563
564,features.0,20,0,0,23,1,65,-5,[0:7]: -5*65=-325,-5653,-5653,564
565,features.0,20,0,0,24,1,0,-15,[0:7]: -15*0=0,-5653,-5653,565
566,features.0,20,0,0,25,1,65,-12,[0:7]: -12*65=-780,-6433,-6433,566
567,features.0,20,0,0,26,1,103,19,[0:7]: 19*103=1957,-4476,-4476,567
811,features.0,30,0,0,0,1,0,11,[0:7]: 11*0=0,0,0,811
812,features.0,30,0,0,1,1,74,-36,[0:7]: -36*74=-2664,-2664,-2664,812
813,features.0,30,0,0,2,1,93,26,[0:7]: 26*93=2418,-246,-246,813
814,features.0,30,0,0,3,1,0,33,[0:7]: 33*0=0,-246,-246,814
815,features.0,30,0,0,4,1,68,-68,[0:7]: -68*68=-4624,-4870,-4870,815
816,features.0,30,0,0,5,1,55,-45,[0:7]: -45*55=-2475,-7345,-7345,816
817,features.0,30,0,0,6,1,0,4,[0:7]: 4*0=0,-7345,-7345,817
818,features.0,30,0,0,7,1,101,-11,[0:7]: -11*101=-1111,-8456,-8456,818
819,features.0,30,0,0,8,1,27,-1,[0:7]: -1*27=-27,-8483,-8483,819
820,features.0,30,0,0,9,1,0,-30,[0:7]: -30*0=0,-8483,-8483,820
821,features.0,30,0,0,10,1,97,31,[0:7]: 31*97=3007,-5476,-5476,821
822,features.0,30,0,0,11,1,123,27,[0:7]: 27*123=3321,-2155,-2155,822
823,features.0,30,0,0,12,1,0,2,[0:7]: 2*0=0,-2155,-2155,823
824,features.0,30,0,0,13,1,79,39,[0:7]: 39*79=3081,926,926,824
825,features.0,30,0,0,14,1,118,16,[0:7]: 16*118=1888,2814,2814,825
826,features.0,30,0,0,15,1,0,-30,[0:7]: -30*0=0,2814,2814,826
827,features.0,30,0,0,16,1,36,13,[0:7]: 13*36=468,3282,3282,827
828,features.0,30,0,0,17,1,4,-33,[0:7]: -33*4=-132,3150,3150,828
829,features.0,30,0,0,18,1,0,31,[0:7]: 31*0=0,3150,3150,829
830,features.0,30,0,0,19,1,83,-2,[0:7]: -2*83=-166,2984,2984,830
831,features.0,30,0,0,20,1,90,-6,[0:7]: -6*90=-540,2444,2444,831
832,features.0,30,0,0,21,1,0,-24,[0:7]: -24*0=0,2444,2444,832
833,features.0,30,0,0,22,1,10,43,[0:7]: 43*10=430,2874,2874,833
834,features.0,30,0,0,23,1,95,-5,[0:7]: -5*95=-475,2399,2399,834
835,features.0,30,0,0,24,1,0,-15,[0:7]: -15*0=0,2399,2399,835
836,features.0,30,0,0,25,1,48,-12,[0:7]: -12*48=-576,1823,1823,836
837,features.0,30,0,0,26,1,117,19,[0:7]: 19*117=2223,4046,4046,837
1081,features.0,40,0,0,0,1,0,-24,[0:7]: -24*0=0,0,0,1081
1082,features.0,40,0,0,1,1,36,29,[0:7]: 29*36=1044,1044,1044,1082
1083,features.0,40,0,0,2,1,117,-47,[0:7]: -47*117=-5499,-4455,-4455,1083
1084,features.0,40,0,0,3,1,0,-14,[0:7]: -14*0=0,-4455,-4455,1084
1085,features.0,40,0,0,4,1,104,-20,[0:7]: -20*104=-2080,-6535,-6535,1085
1086,features.0,40,0,0,5,1,13,-2,[0:7]: -2*13=-26,-6561,-6561,1086
1087,features.0,40,0,0,6,1,0,10,[0:7]: 10*0=0,-6561,-6561,1087
1088,features.0,40,0,0,7,1,67,-35,[0:7]: -35*67=-2345,-8906,-8906,1088
1089,features.0,40,0,0,8,1,13,25,[0:7]: 25*13=325,-8581,-8581,1089
1090,features.0,40,0,0,9,1,0,2,[0:7]: 2*0=0,-8581,-8581,1090
1091,features.0,40,0,0,10,1,113,-66,[0:7]: -66*113=-7458,-16039,-16039,1091
1092,features.0,40,0,0,11,1,118,-68,[0:7]: -68*118=-8024,-24063,-24063,1092
1093,features.0,40,0,0,12,1,0,0,[0:7]: 0*0=0,-24063,-24063,1093
1094,features.0,40,0,0,13,1,46,-8,[0:7]: -8*46=-368,-24431,-24431,1094
1095,features.0,40,0,0,14,1,52,-4,[0:7]: -4*52=-208,-24639,-24639,1095
1096,features.0,40,0,0,15,1,0,-1,[0:7]: -1*0=0,-24639,-24639,1096
1097,features.0,40,0,0,16,1,74,8,[0:7]: 8*74=592,-24047,-24047,1097
1098,features.0,40,0,0,17,1,1,33,[0:7]: 33*1=33,-24014,-24014,1098
1099,features.0,40,0,0,18,1,0,-39,[0:7]: -39*0=0,-24014,-24014,1099
1100,features.0,40,0,0,19,1,96,-41,[0:7]: -41*96=-3936,-27950,-27950,1100
1101,features.0,40,0,0,20,1,107,-38,[0:7]: -38*107=-4066,-32016,-32016,1101
1102,features.0,40,0,0,21,1,0,10,[0:7]: 10*0=0,-32016,-32016,1102
1103,features.0,40,0,0,22,1,55,43,[0:7]: 43*55=2365,-29651,-29651,1103
1104,features.0,40,0,0,23,1,41,-15,[0:7]: -15*41=-615,-30266,-30266,1104
1105,features.0,40,0,0,24,1,0,-87,[0:7]: -87*0=0,-30266,-30266,1105
1106,features.0,40,0,0,25,1,110,-59,[0:7]: -59*110=-6490,-36756,-36756,1106
1107,features.0,40,0,0,26,1,47,-29,[0:7]: -29*47=-1363,-38119,-38119,1107
1351,features.0,50,0,0,0,1,0,-24,[0:7]: -24*0=0,0,0,1351
1352,features.0,50,0,0,1,1,18,29,[0:7]: 29*18=522,522,522,1352
1353,features.0,50,0,0,2,1,57,-47,[0:7]: -47*57=-2679,-2157,-2157,1353
1354,features.0,50,0,0,3,1,0,-14,[0:7]: -14*0=0,-2157,-2157,1354
1355,features.0,50,0,0,4,1,116,-20,[0:7]: -20*116=-2320,-4477,-4477,1355
1356,features.0,50,0,0,5,1,75,-2,[0:7]: -2*75=-150,-4627,-4627,1356
1357,features.0,50,0,0,6,1,0,10,[0:7]: 10*0=0,-4627,-4627,1357
1358,features.0,50,0,0,7,1,93,-35,[0:7]: -35*93=-3255,-7882,-7882,1358
1359,features.0,50,0,0,8,1,56,25,[0:7]: 25*56=1400,-6482,-6482,1359
1360,features.0,50,0,0,9,1,0,2,[0:7]: 2*0=0,-6482,-6482,1360
1361,features.0,50,0,0,10,1,61,-66,[0:7]: -66*61=-4026,-10508,-10508,1361
1362,features.0,50,0,0,11,1,63,-68,[0:7]: -68*63=-4284,-14792,-14792,1362
1363,features.0,50,0,0,12,1,0,0,[0:7]: 0*0=0,-14792,-14792,1363
1364,features.0,50,0,0,13,1,116,-8,[0:7]: -8*116=-928,-15720,-15720,1364
1365,features.0,50,0,0,14,1,18,-4,[0:7]: -4*18=-72,-15792,-15792,1365
1366,features.0,50,0,0,15,1,0,-1,[0:7]: -1*0=0,-15792,-15792,1366
1367,features.0,50,0,0,16,1,82,8,[0:7]: 8*82=656,-15136,-15136,1367
1368,features.0,50,0,0,17,1,88,33,[0:7]: 33*88=2904,-12232,-12232,1368
1369,features.0,50,0,0,18,1,0,-39,[0:7]: -39*0=0,-12232,-12232,1369
1370,features.0,50,0,0,19,1,83,-41,[0:7]: -41*83=-3403,-15635,-15635,1370
1371,features.0,50,0,0,20,1,16,-38,[0:7]: -38*16=-608,-16243,-16243,1371
1372,features.0,50,0,0,21,1,0,10,[0:7]: 10*0=0,-16243,-16243,1372
1373,features.0,50,0,0,22,1,73,43,[0:7]: 43*73=3139,-13104,-13104,1373
1374,features.0,50,0,0,23,1,54,-15,[0:7]: -15*54=-810,-13914,-13914,1374
1375,features.0,50,0,0,24,1,0,-87,[0:7]: -87*0=0,-13914,-13914,1375
1376,features.0,50,0,0,25,1,50,-59,[0:7]: -59*50=-2950,-16864,-16864,1376
1377,features.0,50,0,0,26,1,72,-29,[0:7]: -29*72=-2088,-18952,-18952,1377
1621,features.0,60,0,0,0,1,0,-24,[0:7]: -24*0=0,0,0,1621
1622,features.0,60,0,0,1,1,13,29,[0:7]: 29*13=377,377,377,1622
1623,features.0,60,0,0,2,1,115,-47,[0:7]: -47*115=-5405,-5028,-5028,1623
1624,features.0,60,0,0,3,1,0,-14,[0:7]: -14*0=0,-5028,-5028,1624
1625,features.0,60,0,0,4,1,35,-20,[0:7]: -20*35=-700,-5728,-5728,1625
1626,features.0,60,0,0,5,1,26,-2,[0:7]: -2*26=-52,-5780,-5780,1626
1627,features.0,60,0,0,6,1,0,10,[0:7]: 10*0=0,-5780,-5780,1627
1628,features.0,60,0,0,7,1,74,-35,[0:7]: -35*74=-2590,-8370,-8370,1628
1629,features.0,60,0,0,8,1,93,25,[0:7]: 25*93=2325,-6045,-6045,1629
1630,features.0,60,0,0,9,1,0,2,[0:7]: 2*0=0,-6045,-6045,1630
1631,features.0,60,0,0,10,1,108,-66,[0:7]: -66*108=-7128,-13173,-13173,1631
1632,features.0,60,0,0,11,1,57,-68,[0:7]: -68*57=-3876,-17049,-17049,1632
1633,features.0,60,0,0,12,1,0,0,[0:7]: 0*0=0,-17049,-17049,1633
1634,features.0,60,0,0,13,1,63,-8,[0:7]: -8*63=-504,-17553,-17553,1634
1635,features.0,60,0,0,14,1,38,-4,[0:7]: -4*38=-152,-17705,-17705,1635
1636,features.0,60,0,0,15,1,0,-1,[0:7]: -1*0=0,-17705,-17705,1636
1637,features.0,60,0,0,16,1,97,8,[0:7]: 8*97=776,-16929,-16929,1637
1638,features.0,60,0,0,17,1,123,33,[0:7]: 33*123=4059,-12870,-12870,1638
1639,features.0,60,0,0,18,1,0,-39,[0:7]: -39*0=0,-12870,-12870,1639
1,features.4,0,0,0,0,1,0,2,[0:7]: 2*0=0,0,0,1
2,features.4,0,0,0,1,1,0,1,[0:7]: 1*0=0,0,0,2
3,features.4,0,0,0,2,1,0,-2,[0:7]: -2*0=0,0,0,3
4,features.4,0,0,0,3,1,0,-1,[0:7]: -1*0=0,0,0,4
5,features.4,0,0,0,4,1,7,-5,[0:7]: -5*7=-35,-35,-35,5
6,features.4,0,0,0,5,1,11,-37,[0:7]: -37*11=-407,-442,-442,6
7,features.4,0,0,0,6,1,0,-13,[0:7]: -13*0=0,-442,-442,7
8,features.4,0,0,0,7,1,10,23,[0:7]: 23*10=230,-212,-212,8
9,features.4,0,0,0,8,1,25,-35,[0:7]: -35*25=-875,-1087,-1087,9
10,features.4,0,0,0,9,1,0,-5,[0:7]: -5*0=0,-1087,-1087,10
11,features.4,0,0,0,10,1,0,-21,[0:7]: -21*0=0,-1087,-1087,11
12,features.4,0,0,0,11,1,0,3,[0:7]: 3*0=0,-1087,-1087,12
13,features.4,0,0,0,12,1,0,-10,[0:7]: -10*0=0,-1087,-1087,13
14,features.4,0,0,0,13,1,30,37,[0:7]: 37*30=1110,23,23,14
15,features.4,0,0,0,14,1,43,13,[0:7]: 13*43=559,582,582,15
16,features.4,0,0,0,15,1,0,-33,[0:7]: -33*0=0,582,582,16
17,features.4,0,0,0,16,1,27,17,[0:7]: 17*27=459,1041,1041,17
18,features.4,0,0,0,17,1,48,-20,[0:7]: -20*48=-960,81,81,18
19,features.4,0,0,0,18,1,0,-15,[0:7]: -15*0=0,81,81,19
20,features.4,0,0,0,19,1,0,8,[0:7]: 8*0=0,81,81,20
21,features.4,0,0,0,20,1,0,-12,[0:7]: -12*0=0,81,81,21
22,features.4,0,0,0,21,1,0,23,[0:7]: 23*0=0,81,81,22
23,features.4,0,0,0,22,1,13,-20,[0:7]: -20*13=-260,-179,-179,23
24,features.4,0,0,0,23,1,0,-16,[0:7]: -16*0=0,-179,-179,24
25,features.4,0,0,0,24,1,0,-17,[0:7]: -17*0=0,-179,-179,25
26,features.4,0,0,0,25,1,2,-14,[0:7]: -14*2=-28,-207,-207,26
27,features.4,0,0,0,26,1,24,28,[0:7]: 28*24=672,465,465,27
28,features.4,0,0,0,27,1,0,16,[0:7]: 16*0=0,465,465,28
29,features.4,0,0,0,28,1,0,43,[0:7]: 43*0=0,465,465,29
30,features.4,0,0,0,29,1,0,58,[0:7]: 58*0=0,465,465,30
31,features.4,0,0,0,30,1,0,-26,[0:7]: -26*0=0,465,465,31
32,features.4,0,0,0,31,1,0,2,[0:7]: 2*0=0,465,465,32
33,features.4,0,0,0,32,1,0,-30,[0:7]: -30*0=0,465,465,33
34,features.4,0,0,0,33,1,0,-20,[0:7]: -20*0=0,465,465,34
35,features.4,0,0,0,34,1,0,-16,[0:7]: -16*0=0,465,465,35
36,features.4,0,0,0,35,1,0,-27,[0:7]: -27*0=0,465,465,36
37,features.4,0,0,0,36,1,0,-27,[0:7]: -27*0=0,465,465,37
38,features.4,0,0,0,37,1,0,-4,[0:7]: -4*0=0,465,465,38
39,features.4,0,0,0,38,1,0,-31,[0:7]: -31*0=0,465,465,39
40,features.4,0,0,0,39,1,0,21,[0:7]: 21*0=0,465,465,40
41,features.4,0,0,0,40,1,0,-23,[0:7]: -23*0=0,465,465,41
42,features.4,0,0,0,41,1,0,71,[0:7]: 71*0=0,465,465,42
43,features.4,0,0,0,42,1,0,-11,[0:7]: -11*0=0,465,465,43
44,features.4,0,0,0,43,1,0,2,[0:7]: 2*0=0,465,465,44
45,features.4,0,0,0,44,1,4,-33,[0:7]: -33*4=-132,333,333,45
46,features.4,0,0,0,45,1,0,43,[0:7]: 43*0=0,333,333,46
47,features.4,0,0,0,46,1,0,28,[0:7]: 28*0=0,333,333,47
48,features.4,0,0,0,47,1,0,8,[0:7]: 8*0=0,333,333,48
49,features.4,0,0,0,48,1,0,-34,[0:7]: -34*0=0,333,333,49
50,features.4,0,0,0,49,1,10,5,[0:7]: 5*10=50,383,383,50
51,features.4,0,0,0,50,1,20,-28,[0:7]: -28*20=-560,-177,-177,51
52,features.4,0,0,0,51,1,0,37,[0:7]: 37*0=0,-177,-177,52
53,features.4,0,0,0,52,1,19,21,[0:7]: 21*19=399,222,222,53
54,features.4,0,0,0,53,1,0,2,[0:7]: 2*0=0,222,222,54
55,features.4,0,0,0,54,1,0,-62,[0:7]: -62*0=0,222,222,55
56,features.4,0,0,0,55,1,0,-25,[0:7]: -25*0=0,222,222,56
57,features.4,0,0,0,56,1,0,17,[0:7]: 17*0=0,222,222,57
58,features.4,0,0,0,57,1,0,31,[0:7]: 31*0=0,222,222,58
59,features.4,0,0,0,58,1,18,28,[0:7]: 28*18=504,726,726,59
60,features.4,0,0,0,59,1,36,-40,[0:7]: -40*36=-1440,-714,-714,60
61,features.4,0,0,0,60,1,0,8,[0:7]: 8*0=0,-714,-714,61
62,features.4,0,0,0,61,1,17,26,[0:7]: 26*17=442,-272,-272,62
63,features.4,0,0,0,62,1,23,-42,[0:7]: -42*23=-966,-1238,-1238,63
64,features.4,0,0,0,63,1,0,0,[0:7]: 0*0=0,-1238,-1238,64
65,features.4,0,0,0,64,1,0,7,[0:7]: 7*0=0,-1238,-1238,65
66,features.4,0,0,0,65,1,0,-8,[0:7]: -8*0=0,-1238,-1238,66
67,features.4,0,0,0,66,1,0,-47,[0:7]: -47*0=0,-1238,-1238,67
68,features.4,0,0,0,67,1,14,-8,[0:7]: -8*14=-112,-1350,-1350,68
69,features.4,0,0,0,68,1,27,-8,[0:7]: -8*27=-216,-1566,-1566,69
70,features.4,0,0,0,69,1,0,-4,[0:7]: -4*0=0,-1566,-1566,70
71,features.4,0,0,0,70,1,17,-14,[0:7]: -14*17=-238,-1804,-1804,71
72,features.4,0,0,0,71,1,29,-11,[0:7]: -11*29=-319,-2123,-2123,72
73,features.4,0,0,0,72,1,0,-1,[0:7]: -1*0=0,-2123,-2123,73
74,features.4,0,0,0,73,1,0,11,[0:7]: 11*0=0,-2123,-2123,74
75,features.4,0,0,0,74,1,0,-8,[0:7]: -8*0=0,-2123,-2123,75
76,features.4,0,0,0,75,1,0,-10,[0:7]: -10*0=0,-2123,-2123,76
77,features.4,0,0,0,76,1,4,2,[0:7]: 2*4=8,-2115,-2115,77
78,features.4,0,0,0,77,1,0,-49,[0:7]: -49*0=0,-2115,-2115,78
79,features.4,0,0,0,78,1,0,12,[0:7]: 12*0=0,-2115,-2115,79
80,features.4,0,0,0,79,1,0,0,[0:7]: 0*0=0,-2115,-2115,80
81,features.4,0,0,0,80,1,0,1,[0:7]: 1*0=0,-2115,-2115,81
82,features.4,0,0,0,81,1,0,24,[0:7]: 24*0=0,-2115,-2115,82
83,features.4,0,0,0,82,1,0,-50,[0:7]: -50*0=0,-2115,-2115,83
84,features.4,0,0,0,83,1,0,-50,[0:7]: -50*0=0,-2115,-2115,84
85,features.4,0,0,0,84,1,0,7,[0:7]: 7*0=0,-2115,-2115,85
86,features.4,0,0,0,85,1,33,0,[0:7]: 0*33=0,-2115,-2115,86
87,features.4,0,0,0,86,1,44,4,[0:7]: 4*44=176,-1939,-1939,87
88,features.4,0,0,0,87,1,0,-12,[0:7]: -12*0=0,-1939,-1939,88
89,features.4,0,0,0,88,1,38,17,[0:7]: 17*38=646,-1293,-1293,89
90,features.4,0,0,0,89,1,67,24,[0:7]: 24*67=1608,315,315,90
91,features.4,0,0,0,90,1,0,12,[0:7]: 12*0=0,315,315,91
92,features.4,0,0,0,91,1,0,-7,[0:7]: -7*0=0,315,315,92
93,features.4,0,0,0,92,1,0,-53,[0:7]: -53*0=0,315,315,93
94,features.4,0,0,0,93,1,0,20,[0:7]: 20*0=0,315,315,94
95,features.4,0,0,0,94,1,15,31,[0:7]: 31*15=465,780,780,95
96,features.4,0,0,0,95,1,51,16,[0:7]: 16*51=816,1596,1596,96
97,features.4,0,0,0,96,1,0,-22,[0:7]: -22*0=0,1596,1596,97
98,features.4,0,0,0,97,1,29,17,[0:7]: 17*29=493,2089,2089,98
99,features.4,0,0,0,98,1,13,22,[0:7]: 22*13=286,2375,2375,99
100,features.4,0,0,0,99,1,0,40,[0:7]: 40*0=0,2375,2375,100
101,features.4,0,0,0,100,1,0,-22,[0:7]: -22*0=0,2375,2375,101
102,features.4,0,0,0,101,1,0,-6,[0:7]: -6*0=0,2375,2375,102
103,features.4,0,0,0,102,1,0,19,[0:7]: 19*0=0,2375,2375,103
104,features.4,0,0,0,103,1,77,1,[0:7]: 1*77=77,2452,2452,104
105,features.4,0,0,0,104,1,84,-28,[0:7]: -28*84=-2352,100,100,105
106,features.4,0,0,0,105,1,0,11,[0:7]: 11*0=0,100,100,106
107,features.4,0,0,0,106,1,45,15,[0:7]: 15*45=675,775,775,107
108,features.4,0,0,0,107,1,47,2,[0:7]: 2*47=94,869,869,108
109,features.4,0,0,0,108,1,0,6,[0:7]: 6*0=0,869,869,109
110,features.4,0,0,0,109,1,0,-7,[0:7]: -7*0=0,869,869,110
111,features.4,0,0,0,110,1,0,37,[0:7]: 37*0=0,869,869,111
112,features.4,0,0,0,111,1,0,-23,[0:7]: -23*0=0,869,869,112
113,features.4,0,0,0,112,1,5,-15,[0:7]: -15*5=-75,794,794,113
114,features.4,0,0,0,113,1,21,0,[0:7]: 0*21=0,794,794,114
115,features.4,0,0,0,114,1,0,22,[0:7]: 22*0=0,794,794,115
116,features.4,0,0,0,115,1,10,-38,[0:7]: -38*10=-380,414,414,116
117,features.4,0,0,0,116,1,24,-33,[0:7]: -33*24=-792,-378,-378,117
118,features.4,0,0,0,117,1,0,-52,[0:7]: -52*0=0,-378,-378,118
119,features.4,0,0,0,118,1,0,1,[0:7]: 1*0=0,-378,-378,119
120,features.4,0,0,0,119,1,0,-28,[0:7]: -28*0=0,-378,-378,120
121,features.4,0,0,0,120,1,0,-10,[0:7]: -10*0=0,-378,-378,121
122,features.4,0,0,0,121,1,51,17,[0:7]: 17*51=867,489,489,122
123,features.4,0,0,0,122,1,46,-16,[0:7]: -16*46=-736,-247,-247,123
124,features.4,0,0,0,123,1,0,6,[0:7]: 6*0=0,-247,-247,124
125,features.4,0,0,0,124,1,45,-8,[0:7]: -8*45=-360,-607,-607,125
126,features.4,0,0,0,125,1,50,17,[0:7]: 17*50=850,243,243,126
127,features.4,0,0,0,126,1,0,12,[0:7]: 12*0=0,243,243,127
128,features.4,0,0,0,127,1,0,-18,[0:7]: -18*0=0,243,243,128
129,features.4,0,0,0,128,1,0,-4,[0:7]: -4*0=0,243,243,129
130,features.4,0,0,0,129,1,0,26,[0:7]: 26*0=0,243,243,130
131,features.4,0,0,0,130,1,0,10,[0:7]: 10*0=0,243,243,131
132,features.4,0,0,0,131,1,0,-35,[0:7]: -35*0=0,243,243,132
133,features.4,0,0,0,132,1,0,17,[0:7]: 17*0=0,243,243,133
134,features.4,0,0,0,133,1,0,-28,[0:7]: -28*0=0,243,243,134
135,features.4,0,0,0,134,1,3,36,[0:7]: 36*3=108,351,351,135
136,features.4,0,0,0,135,1,0,26,[0:7]: 26*0=0,351,351,136
137,features.4,0,0,0,136,1,0,7,[0:7]: 7*0=0,351,351,137
138,features.4,0,0,0,137,1,0,4,[0:7]: 4*0=0,351,351,138
139,features.4,0,0,0,138,1,0,-5,[0:7]: -5*0=0,351,351,139
140,features.4,0,0,0,139,1,0,17,[0:7]: 17*0=0,351,351,140
141,features.4,0,0,0,140,1,0,-9,[0:7]: -9*0=0,351,351,141
142,features.4,0,0,0,141,1,0,6,[0:7]: 6*0=0,351,351,142
143,features.4,0,0,0,142,1,11,22,[0:7]: 22*11=242,593,593,143
144,features.4,0,0,0,143,1,0,-14,[0:7]: -14*0=0,593,593,144
145,features.4,0,0,0,144,1,0,-16,[0:7]: -16*0=0,593,593,145
146,features.4,0,0,0,145,1,0,-30,[0:7]: -30*0=0,593,593,146
147,features.4,0,0,0,146,1,0,-27,[0:7]: -27*0=0,593,593,147
148,features.4,0,0,0,147,1,0,-46,[0:7]: -46*0=0,593,593,148
149,features.4,0,0,0,148,1,43,19,[0:7]: 19*43=817,1410,1410,149
150,features.4,0,0,0,149,1,33,46,[0:7]: 46*33=1518,2928,2928,150
151,features.4,0,0,0,150,1,0,36,[0:7]: 36*0=0,2928,2928,151
152,features.4,0,0,0,151,1,18,-41,[0:7]: -41*18=-738,2190,2190,152
153,features.4,0,0,0,152,1,47,18,[0:7]: 18*47=846,3036,3036,153
154,features.4,0,0,0,153,1,0,36,[0:7]: 36*0=0,3036,3036,154
155,features.4,0,0,0,154,1,0,-12,[0:7]: -12*0=0,3036,3036,155
156,features.4,0,0,0,155,1,0,3,[0:7]: 3*0=0,3036,3036,156
157,features.4,0,0,0,156,1,0,-51,[0:7]: -51*0=0,3036,3036,157
158,features.4,0,0,0,157,1,25,7,[0:7]: 7*25=175,3211,3211,158
159,features.4,0,0,0,158,1,0,-27,[0:7]: -27*0=0,3211,3211,159
160,features.4,0,0,0,159,1,0,5,[0:7]: 5*0=0,3211,3211,160
161,features.4,0,0,0,160,1,21,-40,[0:7]: -40*21=-840,2371,2371,161
162,features.4,0,0,0,161,1,38,14,[0:7]: 14*38=532,2903,2903,162
163,features.4,0,0,0,162,1,0,26,[0:7]: 26*0=0,2903,2903,163
164,features.4,0,0,0,163,1,0,-20,[0:7]: -20*0=0,2903,2903,164
165,features.4,0,0,0,164,1,0,-29,[0:7]: -29*0=0,2903,2903,165
166,features.4,0,0,0,165,1,0,-55,[0:7]: -55*0=0,2903,2903,166
167,features.4,0,0,0,166,1,4,-7,[0:7]: -7*4=-28,2875,2875,167
168,features.4,0,0,0,167,1,0,-15,[0:7]: -15*0=0,2875,2875,168
169,features.4,0,0,0,168,1,0,-39,[0:7]: -39*0=0,2875,2875,169
170,features.4,0,0,0,169,1,0,11,[0:7]: 11*0=0,2875,2875,170
171,features.4,0,0,0,170,1,0,-11,[0:7]: -11*0=0,2875,2875,171
172,features.4,0,0,0,171,1,0,-27,[0:7]: -27*0=0,2875,2875,172
173,features.4,0,0,0,172,1,0,-14,[0:7]: -14*0=0,2875,2875,173
174,features.4,0,0,0,173,1,0,27,[0:7]: 27*0=0,2875,2875,174
175,features.4,0,0,0,174,1,0,15,[0:7]: 15*0=0,2875,2875,175
176,features.4,0,0,0,175,1,24,-3,[0:7]: -3*24=-72,2803,2803,176
177,features.4,0,0,0,176,1,27,16,[0:7]: 16*27=432,3235,3235,177
178,features.4,0,0,0,177,1,0,-29,[0:7]: -29*0=0,3235,3235,178
179,features.4,0,0,0,178,1,24,1,[0:7]: 1*24=24,3259,3259,179
180,features.4,0,0,0,179,1,29,4,[0:7]: 4*29=116,3375,3375,180
181,features.4,0,0,0,180,1,0,-12,[0:7]: -12*0=0,3375,3375,181
1,features.8,0,0,0,0,1,0,16,[0:7]: 16*0=0,0,0,1
2,features.8,0,0,0,1,1,0,14,[0:7]: 14*0=0,0,0,2
3,features.8,0,0,0,2,1,0,9,[0:7]: 9*0=0,0,0,3
4,features.8,0,0,0,3,1,0,30,[0:7]: 30*0=0,0,0,4
5,features.8,0,0,0,4,1,15,-24,[0:7]: -24*15=-360,-360,-360,5
6,features.8,0,0,0,5,1,6,-15,[0:7]: -15*6=-90,-450,-450,6
7,features.8,0,0,0,6,1,0,-23,[0:7]: -23*0=0,-450,-450,7
8,features.8,0,0,0,7,1,0,-10,[0:7]: -10*0=0,-450,-450,8
9,features.8,0,0,0,8,1,0,38,[0:7]: 38*0=0,-450,-450,9
10,features.8,0,0,0,9,1,0,-19,[0:7]: -19*0=0,-450,-450,10
11,features.8,0,0,0,10,1,0,-18,[0:7]: -18*0=0,-450,-450,11
12,features.8,0,0,0,11,1,0,-43,[0:7]: -43*0=0,-450,-450,12
13,features.8,0,0,0,12,1,0,17,[0:7]: 17*0=0,-450,-450,13
14,features.8,0,0,0,13,1,24,0,[0:7]: 0*24=0,-450,-450,14
15,features.8,0,0,0,14,1,35,36,[0:7]: 36*35=1260,810,810,15
16,features.8,0,0,0,15,1,0,36,[0:7]: 36*0=0,810,810,16
17,features.8,0,0,0,16,1,38,-28,[0:7]: -28*38=-1064,-254,-254,17
18,features.8,0,0,0,17,1,42,-2,[0:7]: -2*42=-84,-338,-338,18
19,features.8,0,0,0,18,1,0,33,[0:7]: 33*0=0,-338,-338,19
20,features.8,0,0,0,19,1,0,-18,[0:7]: -18*0=0,-338,-338,20
21,features.8,0,0,0,20,1,0,25,[0:7]: 25*0=0,-338,-338,21
22,features.8,0,0,0,21,1,0,-63,[0:7]: -63*0=0,-338,-338,22
23,features.8,0,0,0,22,1,12,-1,[0:7]: -1*12=-12,-350,-350,23
24,features.8,0,0,0,23,1,23,-16,[0:7]: -16*23=-368,-718,-718,24
25,features.8,0,0,0,24,1,0,27,[0:7]: 27*0=0,-718,-718,25
26,features.8,0,0,0,25,1,16,-9,[0:7]: -9*16=-144,-862,-862,26
27,features.8,0,0,0,26,1,26,21,[0:7]: 21*26=546,-316,-316,27
28,features.8,0,0,0,27,1,0,14,[0:7]: 14*0=0,-316,-316,28
29,features.8,0,0,0,28,1,0,-19,[0:7]: -19*0=0,-316,-316,29
30,features.8,0,0,0,29,1,0,23,[0:7]: 23*0=0,-316,-316,30
31,features.8,0,0,0,30,1,0,14,[0:7]: 14*0=0,-316,-316,31
32,features.8,0,0,0,31,1,0,-38,[0:7]: -38*0=0,-316,-316,32
33,features.8,0,0,0,32,1,0,14,[0:7]: 14*0=0,-316,-316,33
34,features.8,0,0,0,33,1,0,-12,[0:7]: -12*0=0,-316,-316,34
35,features.8,0,0,0,34,1,7,12,[0:7]: 12*7=84,-232,-232,35
36,features.8,0,0,0,35,1,21,7,[0:7]: 7*21=147,-85,-85,36
37,features.8,0,0,0,36,1,0,26,[0:7]: 26*0=0,-85,-85,37
38,features.8,0,0,0,37,1,0,24,[0:7]: 24*0=0,-85,-85,38
39,features.8,0,0,0,38,1,0,-20,[0:7]: -20*0=0,-85,-85,39
40,features.8,0,0,0,39,1,0,-13,[0:7]: -13*0=0,-85,-85,40
41,features.8,0,0,0,40,1,12,-6,[0:7]: -6*12=-72,-157,-157,41
42,features.8,0,0,0,41,1,17,27,[0:7]: 27*17=459,302,302,42
43,features.8,0,0,0,42,1,0,-10,[0:7]: -10*0=0,302,302,43
44,features.8,0,0,0,43,1,22,8,[0:7]: 8*22=176,478,478,44
45,features.8,0,0,0,44,1,0,23,[0:7]: 23*0=0,478,478,45
46,features.8,0,0,0,45,1,0,1,[0:7]: 1*0=0,478,478,46
47,features.8,0,0,0,46,1,0,44,[0:7]: 44*0=0,478,478,47
48,features.8,0,0,0,47,1,0,-14,[0:7]: -14*0=0,478,478,48
49,features.8,0,0,0,48,1,0,14,[0:7]: 14*0=0,478,478,49
50,features.8,0,0,0,49,1,0,10,[0:7]: 10*0=0,478,478,50
51,features.8,0,0,0,50,1,0,3,[0:7]: 3*0=0,478,478,51
52,features.8,0,0,0,51,1,0,-54,[0:7]: -54*0=0,478,478,52
53,features.8,0,0,0,52,1,0,-7,[0:7]: -7*0=0,478,478,53
54,features.8,0,0,0,53,1,0,-44,[0:7]: -44*0=0,478,478,54
55,features.8,0,0,0,54,1,0,-13,[0:7]: -13*0=0,478,478,55
56,features.8,0,0,0,55,1,0,-2,[0:7]: -2*0=0,478,478,56
57,features.8,0,0,0,56,1,0,59,[0:7]: 59*0=0,478,478,57
58,features.8,0,0,0,57,1,0,19,[0:7]: 19*0=0,478,478,58
59,features.8,0,0,0,58,1,40,-26,[0:7]: -26*40=-1040,-562,-562,59
60,features.8,0,0,0,59,1,53,5,[0:7]: 5*53=265,-297,-297,60
61,features.8,0,0,0,60,1,0,11,[0:7]: 11*0=0,-297,-297,61
62,features.8,0,0,0,61,1,47,3,[0:7]: 3*47=141,-156,-156,62
63,features.8,0,0,0,62,1,65,0,[0:7]: 0*65=0,-156,-156,63
64,features.8,0,0,0,63,1,0,-14,[0:7]: -14*0=0,-156,-156,64
65,features.8,0,0,0,64,1,0,9,[0:7]: 9*0=0,-156,-156,65
66,features.8,0,0,0,65,1,0,7,[0:7]: 7*0=0,-156,-156,66
67,features.8,0,0,0,66,1,0,17,[0:7]: 17*0=0,-156,-156,67
68,features.8,0,0,0,67,1,63,21,[0:7]: 21*63=1323,1167,1167,68
69,features.8,0,0,0,68,1,42,21,[0:7]: 21*42=882,2049,2049,69
70,features.8,0,0,0,69,1,0,3,[0:7]: 3*0=0,2049,2049,70
71,features.8,0,0,0,70,1,64,-4,[0:7]: -4*64=-256,1793,1793,71
72,features.8,0,0,0,71,1,45,19,[0:7]: 19*45=855,2648,2648,72
73,features.8,0,0,0,72,1,0,-21,[0:7]: -21*0=0,2648,2648,73
74,features.8,0,0,0,73,1,0,-63,[0:7]: -63*0=0,2648,2648,74
75,features.8,0,0,0,74,1,0,-44,[0:7]: -44*0=0,2648,2648,75
76,features.8,0,0,0,75,1,0,-48,[0:7]: -48*0=0,2648,2648,76
77,features.8,0,0,0,76,1,17,14,[0:7]: 14*17=238,2886,2886,77
78,features.8,0,0,0,77,1,27,3,[0:7]: 3*27=81,2967,2967,78
79,features.8,0,0,0,78,1,0,20,[0:7]: 20*0=0,2967,2967,79
80,features.8,0,0,0,79,1,42,13,[0:7]: 13*42=546,3513,3513,80
81,features.8,0,0,0,80,1,48,26,[0:7]: 26*48=1248,4761,4761,81
82,features.8,0,0,0,81,1,0,29,[0:7]: 29*0=0,4761,4761,82
83,features.8,0,0,0,82,1,0,24,[0:7]: 24*0=0,4761,4761,83
84,features.8,0,0,0,83,1,0,25,[0:7]: 25*0=0,4761,4761,84
85,features.8,0,0,0,84,1,0,42,[0:7]: 42*0=0,4761,4761,85
86,features.8,0,0,0,85,1,0,53,[0:7]: 53*0=0,4761,4761,86
87,features.8,0,0,0,86,1,14,2,[0:7]: 2*14=28,4789,4789,87
88,features.8,0,0,0,87,1,0,39,[0:7]: 39*0=0,4789,4789,88
89,features.8,0,0,0,88,1,20,-15,[0:7]: -15*20=-300,4489,4489,89
90,features.8,0,0,0,89,1,5,-13,[0:7]: -13*5=-65,4424,4424,90
91,features.8,0,0,0,90,1,0,42,[0:7]: 42*0=0,4424,4424,91
92,features.8,0,0,0,91,1,0,3,[0:7]: 3*0=0,4424,4424,92
93,features.8,0,0,0,92,1,0,-42,[0:7]: -42*0=0,4424,4424,93
94,features.8,0,0,0,93,1,0,-30,[0:7]: -30*0=0,4424,4424,94
95,features.8,0,0,0,94,1,0,-20,[0:7]: -20*0=0,4424,4424,95
96,features.8,0,0,0,95,1,4,-30,[0:7]: -30*4=-120,4304,4304,96
97,features.8,0,0,0,96,1,0,14,[0:7]: 14*0=0,4304,4304,97
98,features.8,0,0,0,97,1,0,-22,[0:7]: -22*0=0,4304,4304,98
99,features.8,0,0,0,98,1,0,-7,[0:7]: -7*0=0,4304,4304,99
100,features.8,0,0,0,99,1,0,-15,[0:7]: -15*0=0,4304,4304,100
101,features.8,0,0,0,100,1,0,-35,[0:7]: -35*0=0,4304,4304,101
102,features.8,0,0,0,101,1,0,-33,[0:7]: -33*0=0,4304,4304,102
103,features.8,0,0,0,102,1,0,23,[0:7]: 23*0=0,4304,4304,103
104,features.8,0,0,0,103,1,32,8,[0:7]: 8*32=256,4560,4560,104
105,features.8,0,0,0,104,1,32,-81,[0:7]: -81*32=-2592,1968,1968,105
106,features.8,0,0,0,105,1,0,-16,[0:7]: -16*0=0,1968,1968,106
107,features.8,0,0,0,106,1,29,23,[0:7]: 23*29=667,2635,2635,107
108,features.8,0,0,0,107,1,22,14,[0:7]: 14*22=308,2943,2943,108
109,features.8,0,0,0,108,1,0,54,[0:7]: 54*0=0,2943,2943,109
110,features.8,0,0,0,109,1,0,-7,[0:7]: -7*0=0,2943,2943,110
111,features.8,0,0,0,110,1,0,10,[0:7]: 10*0=0,2943,2943,111
112,features.8,0,0,0,111,1,0,-22,[0:7]: -22*0=0,2943,2943,112
113,features.8,0,0,0,112,1,8,-39,[0:7]: -39*8=-312,2631,2631,113
114,features.8,0,0,0,113,1,14,9,[0:7]: 9*14=126,2757,2757,114
115,features.8,0,0,0,114,1,0,-10,[0:7]: -10*0=0,2757,2757,115
116,features.8,0,0,0,115,1,34,68,[0:7]: 68*34=2312,5069,5069,116
117,features.8,0,0,0,116,1,38,-15,[0:7]: -15*38=-570,4499,4499,117
118,features.8,0,0,0,117,1,0,-11,[0:7]: -11*0=0,4499,4499,118
119,features.8,0,0,0,118,1,0,2,[0:7]: 2*0=0,4499,4499,119
120,features.8,0,0,0,119,1,0,24,[0:7]: 24*0=0,4499,4499,120
121,features.8,0,0,0,120,1,0,22,[0:7]: 22*0=0,4499,4499,121
122,features.8,0,0,0,121,1,0,-42,[0:7]: -42*0=0,4499,4499,122
123,features.8,0,0,0,122,1,0,33,[0:7]: 33*0=0,4499,4499,123
124,features.8,0,0,0,123,1,0,-4,[0:7]: -4*0=0,4499,4499,124
125,features.8,0,0,0,124,1,0,-68,[0:7]: -68*0=0,4499,4499,125
126,features.8,0,0,0,125,1,0,0,[0:7]: 0*0=0,4499,4499,126
127,features.8,0,0,0,126,1,0,-26,[0:7]: -26*0=0,4499,4499,127
128,features.8,0,0,0,127,1,0,30,[0:7]: 30*0=0,4499,4499,128
129,features.8,0,0,0,128,1,0,9,[0:7]: 9*0=0,4499,4499,129
130,features.8,0,0,0,129,1,0,27,[0:7]: 27*0=0,4499,4499,130
131,features.8,0,0,0,130,1,8,30,[0:7]: 30*8=240,4739,4739,131
132,features.8,0,0,0,131,1,0,-12,[0:7]: -12*0=0,4739,4739,132
133,features.8,0,0,0,132,1,0,6,[0:7]: 6*0=0,4739,4739,133
134,features.8,0,0,0,133,1,0,29,[0:7]: 29*0=0,4739,4739,134
135,features.8,0,0,0,134,1,0,6,[0:7]: 6*0=0,4739,4739,135
136,features.8,0,0,0,135,1,0,-21,[0:7]: -21*0=0,4739,4739,136
137,features.8,0,0,0,136,1,0,37,[0:7]: 37*0=0,4739,4739,137
138,features.8,0,0,0,137,1,0,1,[0:7]: 1*0=0,4739,4739,138
139,features.8,0,0,0,138,1,0,-20,[0:7]: -20*0=0,4739,4739,139
140,features.8,0,0,0,139,1,32,49,[0:7]: 49*32=1568,6307,6307,140
141,features.8,0,0,0,140,1,37,-48,[0:7]: -48*37=-1776,4531,4531,141
142,features.8,0,0,0,141,1,0,-17,[0:7]: -17*0=0,4531,4531,142
143,features.8,0,0,0,142,1,38,-15,[0:7]: -15*38=-570,3961,3961,143
144,features.8,0,0,0,143,1,40,22,[0:7]: 22*40=880,4841,4841,144
145,features.8,0,0,0,144,1,0,-9,[0:7]: -9*0=0,4841,4841,145
146,features.8,0,0,0,145,1,0,-17,[0:7]: -17*0=0,4841,4841,146
147,features.8,0,0,0,146,1,0,27,[0:7]: 27*0=0,4841,4841,147
148,features.8,0,0,0,147,1,0,20,[0:7]: 20*0=0,4841,4841,148
149,features.8,0,0,0,148,1,13,-7,[0:7]: -7*13=-91,4750,4750,149
150,features.8,0,0,0,149,1,0,6,[0:7]: 6*0=0,4750,4750,150
151,features.8,0,0,0,150,1,0,-29,[0:7]: -29*0=0,4750,4750,151
152,features.8,0,0,0,151,1,17,-6,[0:7]: -6*17=-102,4648,4648,152
153,features.8,0,0,0,152,1,0,-2,[0:7]: -2*0=0,4648,4648,153
154,features.8,0,0,0,153,1,0,-33,[0:7]: -33*0=0,4648,4648,154
155,features.8,0,0,0,154,1,0,-42,[0:7]: -42*0=0,4648,4648,155
156,features.8,0,0,0,155,1,0,-10,[0:7]: -10*0=0,4648,4648,156
157,features.8,0,0,0,156,1,0,27,[0:7]: 27*0=0,4648,4648,157
158,features.8,0,0,0,157,1,12,15,[0:7]: 15*12=180,4828,4828,158
159,features.8,0,0,0,158,1,1,-15,[0:7]: -15*1=-15,4813,4813,159
160,features.8,0,0,0,159,1,0,66,[0:7]: 66*0=0,4813,4813,160
161,features.8,0,0,0,160,1,17,-27,[0:7]: -27*17=-459,4354,4354,161
162,features.8,0,0,0,161,1,0,14,[0:7]: 14*0=0,4354,4354,162
163,features.8,0,0,0,162,1,0,-13,[0:7]: -13*0=0,4354,4354,163
164,features.8,0,0,0,163,1,0,31,[0:7]: 31*0=0,4354,4354,164
165,features.8,0,0,0,164,1,0,-3,[0:7]: -3*0=0,4354,4354,165
166,features.8,0,0,0,165,1,0,-6,[0:7]: -6*0=0,4354,4354,166
167,features.8,0,0,0,166,1,22,25,[0:7]: 25*22=550,4904,4904,167
168,features.8,0,0,0,167,1,2,-4,[0:7]: -4*2=-8,4896,4896,168
169,features.8,0,0,0,168,1,0,19,[0:7]: 19*0=0,4896,4896,169
170,features.8,0,0,0,169,1,0,-3,[0:7]: -3*0=0,4896,4896,170
171,features.8,0,0,0,170,1,0,-67,[0:7]: -67*0=0,4896,4896,171
172,features.8,0,0,0,171,1,0,55,[0:7]: 55*0=0,4896,4896,172
173,features.8,0,0,0,172,1,0,13,[0:7]: 13*0=0,4896,4896,173
174,features.8,0,0,0,173,1,0,-8,[0:7]: -8*0=0,4896,4896,174
175,features.8,0,0,0,174,1,0,35,[0:7]: 35*0=0,4896,4896,175
176,features.8,0,0,0,175,1,6,-25,[0:7]: -25*6=-150,4746,4746,176
177,features.8,0,0,0,176,1,0,-23,[0:7]: -23*0=0,4746,4746,177
178,features.8,0,0,0,177,1,0,-36,[0:7]: -36*0=0,4746,4746,178
179,features.8,0,0,0,178,1,12,-5,[0:7]: -5*12=-60,4686,4686,179
180,features.8,0,0,0,179,1,0,-17,[0:7]: -17*0=0,4686,4686,180
181,features.8,0,0,0,180,1,0,-7,[0:7]: -7*0=0,4686,4686,181
1,features.11,0,0,0,0,1,0,41,[0:7]: 41*0=0,0,0,1
2,features.11,0,0,0,1,1,0,32,[0:7]: 32*0=0,0,0,2
3,features.11,0,0,0,2,1,0,34,[0:7]: 34*0=0,0,0,3
4,features.11,0,0,0,3,1,0,48,[0:7]: 48*0=0,0,0,4
5,features.11,0,0,0,4,1,0,-8,[0:7]: -8*0=0,0,0,5
6,features.11,0,0,0,5,1,0,-50,[0:7]: -50*0=0,0,0,6
7,features.11,0,0,0,6,1,0,13,[0:7]: 13*0=0,0,0,7
8,features.11,0,0,0,7,1,0,50,[0:7]: 50*0=0,0,0,8
9,features.11,0,0,0,8,1,0,6,[0:7]: 6*0=0,0,0,9
10,features.11,0,0,0,9,1,0,-19,[0:7]: -19*0=0,0,0,10
11,features.11,0,0,0,10,1,0,-10,[0:7]: -10*0=0,0,0,11
12,features.11,0,0,0,11,1,0,21,[0:7]: 21*0=0,0,0,12
13,features.11,0,0,0,12,1,0,11,[0:7]: 11*0=0,0,0,13
14,features.11,0,0,0,13,1,1,-9,[0:7]: -9*1=-9,-9,-9,14
15,features.11,0,0,0,14,1,16,3,[0:7]: 3*16=48,39,39,15
16,features.11,0,0,0,15,1,0,3,[0:7]: 3*0=0,39,39,16
17,features.11,0,0,0,16,1,14,-28,[0:7]: -28*14=-392,-353,-353,17
18,features.11,0,0,0,17,1,21,21,[0:7]: 21*21=441,88,88,18
19,features.11,0,0,0,18,1,0,-24,[0:7]: -24*0=0,88,88,19
20,features.11,0,0,0,19,1,0,-23,[0:7]: -23*0=0,88,88,20
21,features.11,0,0,0,20,1,0,-12,[0:7]: -12*0=0,88,88,21
22,features.11,0,0,0,21,1,0,-1,[0:7]: -1*0=0,88,88,22
23,features.11,0,0,0,22,1,0,-27,[0:7]: -27*0=0,88,88,23
24,features.11,0,0,0,23,1,0,-2,[0:7]: -2*0=0,88,88,24
25,features.11,0,0,0,24,1,0,51,[0:7]: 51*0=0,88,88,25
26,features.11,0,0,0,25,1,0,20,[0:7]: 20*0=0,88,88,26
27,features.11,0,0,0,26,1,0,54,[0:7]: 54*0=0,88,88,27
28,features.11,0,0,0,27,1,0,32,[0:7]: 32*0=0,88,88,28
29,features.11,0,0,0,28,1,0,-4,[0:7]: -4*0=0,88,88,29
30,features.11,0,0,0,29,1,0,-3,[0:7]: -3*0=0,88,88,30
31,features.11,0,0,0,30,1,0,44,[0:7]: 44*0=0,88,88,31
32,features.11,0,0,0,31,1,15,25,[0:7]: 25*15=375,463,463,32
33,features.11,0,0,0,32,1,34,-27,[0:7]: -27*34=-918,-455,-455,33
34,features.11,0,0,0,33,1,0,22,[0:7]: 22*0=0,-455,-455,34
35,features.11,0,0,0,34,1,21,1,[0:7]: 1*21=21,-434,-434,35
36,features.11,0,0,0,35,1,52,25,[0:7]: 25*52=1300,866,866,36
37,features.11,0,0,0,36,1,0,-52,[0:7]: -52*0=0,866,866,37
38,features.11,0,0,0,37,1,0,-14,[0:7]: -14*0=0,866,866,38
39,features.11,0,0,0,38,1,0,-37,[0:7]: -37*0=0,866,866,39
40,features.11,0,0,0,39,1,0,58,[0:7]: 58*0=0,866,866,40
41,features.11,0,0,0,40,1,0,46,[0:7]: 46*0=0,866,866,41
42,features.11,0,0,0,41,1,11,5,[0:7]: 5*11=55,921,921,42
43,features.11,0,0,0,42,1,0,34,[0:7]: 34*0=0,921,921,43
44,features.11,0,0,0,43,1,6,-53,[0:7]: -53*6=-318,603,603,44
45,features.11,0,0,0,44,1,24,7,[0:7]: 7*24=168,771,771,45
46,features.11,0,0,0,45,1,0,-10,[0:7]: -10*0=0,771,771,46
47,features.11,0,0,0,46,1,0,10,[0:7]: 10*0=0,771,771,47
48,features.11,0,0,0,47,1,0,7,[0:7]: 7*0=0,771,771,48
49,features.11,0,0,0,48,1,0,-23,[0:7]: -23*0=0,771,771,49
50,features.11,0,0,0,49,1,45,14,[0:7]: 14*45=630,1401,1401,50
51,features.11,0,0,0,50,1,27,-21,[0:7]: -21*27=-567,834,834,51
52,features.11,0,0,0,51,1,0,39,[0:7]: 39*0=0,834,834,52
53,features.11,0,0,0,52,1,57,10,[0:7]: 10*57=570,1404,1404,53
54,features.11,0,0,0,53,1,33,5,[0:7]: 5*33=165,1569,1569,54
55,features.11,0,0,0,54,1,0,0,[0:7]: 0*0=0,1569,1569,55
56,features.11,0,0,0,55,1,0,15,[0:7]: 15*0=0,1569,1569,56
57,features.11,0,0,0,56,1,0,-25,[0:7]: -25*0=0,1569,1569,57
58,features.11,0,0,0,57,1,0,37,[0:7]: 37*0=0,1569,1569,58
59,features.11,0,0,0,58,1,0,33,[0:7]: 33*0=0,1569,1569,59
60,features.11,0,0,0,59,1,0,12,[0:7]: 12*0=0,1569,1569,60
61,features.11,0,0,0,60,1,0,-3,[0:7]: -3*0=0,1569,1569,61
62,features.11,0,0,0,61,1,0,46,[0:7]: 46*0=0,1569,1569,62
63,features.11,0,0,0,62,1,0,2,[0:7]: 2*0=0,1569,1569,63
64,features.11,0,0,0,63,1,0,-45,[0:7]: -45*0=0,1569,1569,64
65,features.11,0,0,0,64,1,0,-22,[0:7]: -22*0=0,1569,1569,65
66,features.11,0,0,0,65,1,0,24,[0:7]: 24*0=0,1569,1569,66
67,features.11,0,0,0,66,1,0,25,[0:7]: 25*0=0,1569,1569,67
68,features.11,0,0,0,67,1,0,21,[0:7]: 21*0=0,1569,1569,68
69,features.11,0,0,0,68,1,0,52,[0:7]: 52*0=0,1569,1569,69
70,features.11,0,0,0,69,1,0,24,[0:7]: 24*0=0,1569,1569,70
71,features.11,0,0,0,70,1,0,-17,[0:7]: -17*0=0,1569,1569,71
72,features.11,0,0,0,71,1,0,38,[0:7]: 38*0=0,1569,1569,72
73,features.11,0,0,0,72,1,0,-58,[0:7]: -58*0=0,1569,1569,73
74,features.11,0,0,0,73,1,0,9,[0:7]: 9*0=0,1569,1569,74
75,features.11,0,0,0,74,1,0,-24,[0:7]: -24*0=0,1569,1569,75
76,features.11,0,0,0,75,1,0,-34,[0:7]: -34*0=0,1569,1569,76
77,features.11,0,0,0,76,1,0,-1,[0:7]: -1*0=0,1569,1569,77
78,features.11,0,0,0,77,1,0,-2,[0:7]: -2*0=0,1569,1569,78
79,features.11,0,0,0,78,1,0,23,[0:7]: 23*0=0,1569,1569,79
80,features.11,0,0,0,79,1,0,-14,[0:7]: -14*0=0,1569,1569,80
81,features.11,0,0,0,80,1,0,-31,[0:7]: -31*0=0,1569,1569,81
82,features.11,0,0,0,81,1,0,-11,[0:7]: -11*0=0,1569,1569,82
83,features.11,0,0,0,82,1,0,4,[0:7]: 4*0=0,1569,1569,83
84,features.11,0,0,0,83,1,0,46,[0:7]: 46*0=0,1569,1569,84
85,features.11,0,0,0,84,1,0,9,[0:7]: 9*0=0,1569,1569,85
86,features.11,0,0,0,85,1,0,-17,[0:7]: -17*0=0,1569,1569,86
87,features.11,0,0,0,86,1,0,7,[0:7]: 7*0=0,1569,1569,87
88,features.11,0,0,0,87,1,0,-10,[0:7]: -10*0=0,1569,1569,88
89,features.11,0,0,0,88,1,18,4,[0:7]: 4*18=72,1641,1641,89
90,features.11,0,0,0,89,1,0,14,[0:7]: 14*0=0,1641,1641,90
91,features.11,0,0,0,90,1,0,49,[0:7]: 49*0=0,1641,1641,91
92,features.11,0,0,0,91,1,0,-11,[0:7]: -11*0=0,1641,1641,92
93,features.11,0,0,0,92,1,0,40,[0:7]: 40*0=0,1641,1641,93
94,features.11,0,0,0,93,1,0,-12,[0:7]: -12*0=0,1641,1641,94
95,features.11,0,0,0,94,1,0,32,[0:7]: 32*0=0,1641,1641,95
96,features.11,0,0,0,95,1,0,-16,[0:7]: -16*0=0,1641,1641,96
97,features.11,0,0,0,96,1,0,-29,[0:7]: -29*0=0,1641,1641,97
98,features.11,0,0,0,97,1,0,-4,[0:7]: -4*0=0,1641,1641,98
99,features.11,0,0,0,98,1,0,-19,[0:7]: -19*0=0,1641,1641,99
100,features.11,0,0,0,99,1,0,-2,[0:7]: -2*0=0,1641,1641,100
101,features.11,0,0,0,100,1,0,4,[0:7]: 4*0=0,1641,1641,101
102,features.11,0,0,0,101,1,0,3,[0:7]: 3*0=0,1641,1641,102
103,features.11,0,0,0,102,1,0,18,[0:7]: 18*0=0,1641,1641,103
104,features.11,0,0,0,103,1,0,-55,[0:7]: -55*0=0,1641,1641,104
105,features.11,0,0,0,104,1,0,72,[0:7]: 72*0=0,1641,1641,105
106,features.11,0,0,0,105,1,0,20,[0:7]: 20*0=0,1641,1641,106
107,features.11,0,0,0,106,1,1,18,[0:7]: 18*1=18,1659,1659,107
108,features.11,0,0,0,107,1,22,40,[0:7]: 40*22=880,2539,2539,108
109,features.11,0,0,0,108,1,0,6,[0:7]: 6*0=0,2539,2539,109
110,features.11,0,0,0,109,1,0,8,[0:7]: 8*0=0,2539,2539,110
111,features.11,0,0,0,110,1,0,6,[0:7]: 6*0=0,2539,2539,111
112,features.11,0,0,0,111,1,0,-2,[0:7]: -2*0=0,2539,2539,112
113,features.11,0,0,0,112,1,0,-44,[0:7]: -44*0=0,2539,2539,113
114,features.11,0,0,0,113,1,0,-33,[0:7]: -33*0=0,2539,2539,114
115,features.11,0,0,0,114,1,0,41,[0:7]: 41*0=0,2539,2539,115
116,features.11,0,0,0,115,1,0,-14,[0:7]: -14*0=0,2539,2539,116
117,features.11,0,0,0,116,1,0,10,[0:7]: 10*0=0,2539,2539,117
118,features.11,0,0,0,117,1,0,22,[0:7]: 22*0=0,2539,2539,118
119,features.11,0,0,0,118,1,0,-9,[0:7]: -9*0=0,2539,2539,119
120,features.11,0,0,0,119,1,0,46,[0:7]: 46*0=0,2539,2539,120
121,features.11,0,0,0,120,1,0,-25,[0:7]: -25*0=0,2539,2539,121
122,features.11,0,0,0,121,1,0,-18,[0:7]: -18*0=0,2539,2539,122
123,features.11,0,0,0,122,1,0,-22,[0:7]: -22*0=0,2539,2539,123
124,features.11,0,0,0,123,1,0,-43,[0:7]: -43*0=0,2539,2539,124
125,features.11,0,0,0,124,1,0,0,[0:7]: 0*0=0,2539,2539,125
126,features.11,0,0,0,125,1,0,15,[0:7]: 15*0=0,2539,2539,126
127,features.11,0,0,0,126,1,0,-16,[0:7]: -16*0=0,2539,2539,127
128,features.11,0,0,0,127,1,0,-2,[0:7]: -2*0=0,2539,2539,128
129,features.11,0,0,0,128,1,0,11,[0:7]: 11*0=0,2539,2539,129
130,features.11,0,0,0,129,1,0,-24,[0:7]: -24*0=0,2539,2539,130
131,features.11,0,0,0,130,1,0,38,[0:7]: 38*0=0,2539,2539,131
132,features.11,0,0,0,131,1,0,-15,[0:7]: -15*0=0,2539,2539,132
133,features.11,0,0,0,132,1,0,20,[0:7]: 20*0=0,2539,2539,133
134,features.11,0,0,0,133,1,0,28,[0:7]: 28*0=0,2539,2539,134
135,features.11,0,0,0,134,1,0,-19,[0:7]: -19*0=0,2539,2539,135
136,features.11,0,0,0,135,1,0,-9,[0:7]: -9*0=0,2539,2539,136
137,features.11,0,0,0,136,1,0,-2,[0:7]: -2*0=0,2539,2539,137
138,features.11,0,0,0,137,1,0,20,[0:7]: 20*0=0,2539,2539,138
139,features.11,0,0,0,138,1,0,-4,[0:7]: -4*0=0,2539,2539,139
140,features.11,0,0,0,139,1,3,39,[0:7]: 39*3=117,2656,2656,140
141,features.11,0,0,0,140,1,0,-13,[0:7]: -13*0=0,2656,2656,141
142,features.11,0,0,0,141,1,0,16,[0:7]: 16*0=0,2656,2656,142
143,features.11,0,0,0,142,1,0,8,[0:7]: 8*0=0,2656,2656,143
144,features.11,0,0,0,143,1,0,5,[0:7]: 5*0=0,2656,2656,144
145,features.11,0,0,0,144,1,0,44,[0:7]: 44*0=0,2656,2656,145
146,features.11,0,0,0,145,1,0,20,[0:7]: 20*0=0,2656,2656,146
147,features.11,0,0,0,146,1,0,15,[0:7]: 15*0=0,2656,2656,147
148,features.11,0,0,0,147,1,0,-20,[0:7]: -20*0=0,2656,2656,148
149,features.11,0,0,0,148,1,19,39,[0:7]: 39*19=741,3397,3397,149
150,features.11,0,0,0,149,1,19,3,[0:7]: 3*19=57,3454,3454,150
151,features.11,0,0,0,150,1,0,19,[0:7]: 19*0=0,3454,3454,151
152,features.11,0,0,0,151,1,0,-20,[0:7]: -20*0=0,3454,3454,152
153,features.11,0,0,0,152,1,0,0,[0:7]: 0*0=0,3454,3454,153
154,features.11,0,0,0,153,1,0,-17,[0:7]: -17*0=0,3454,3454,154
155,features.11,0,0,0,154,1,0,-3,[0:7]: -3*0=0,3454,3454,155
156,features.11,0,0,0,155,1,0,-48,[0:7]: -48*0=0,3454,3454,156
157,features.11,0,0,0,156,1,0,12,[0:7]: 12*0=0,3454,3454,157
158,features.11,0,0,0,157,1,0,-43,[0:7]: -43*0=0,3454,3454,158
159,features.11,0,0,0,158,1,0,-17,[0:7]: -17*0=0,3454,3454,159
160,features.11,0,0,0,159,1,0,20,[0:7]: 20*0=0,3454,3454,160
161,features.11,0,0,0,160,1,0,-35,[0:7]: -35*0=0,3454,3454,161
162,features.11,0,0,0,161,1,0,11,[0:7]: 11*0=0,3454,3454,162
163,features.11,0,0,0,162,1,0,32,[0:7]: 32*0=0,3454,3454,163
164,features.11,0,0,0,163,1,0,20,[0:7]: 20*0=0,3454,3454,164
165,features.11,0,0,0,164,1,0,45,[0:7]: 45*0=0,3454,3454,165
166,features.11,0,0,0,165,1,0,15,[0:7]: 15*0=0,3454,3454,166
167,features.11,0,0,0,166,1,3,34,[0:7]: 34*3=102,3556,3556,167
168,features.11,0,0,0,167,1,21,0,[0:7]: 0*21=0,3556,3556,168
169,features.11,0,0,0,168,1,0,14,[0:7]: 14*0=0,3556,3556,169
170,features.11,0,0,0,169,1,0,29,[0:7]: 29*0=0,3556,3556,170
171,features.11,0,0,0,170,1,0,19,[0:7]: 19*0=0,3556,3556,171
172,features.11,0,0,0,171,1,0,27,[0:7]: 27*0=0,3556,3556,172
173,features.11,0,0,0,172,1,0,50,[0:7]: 50*0=0,3556,3556,173
174,features.11,0,0,0,173,1,0,6,[0:7]: 6*0=0,3556,3556,174
175,features.11,0,0,0,174,1,0,-8,[0:7]: -8*0=0,3556,3556,175
176,features.11,0,0,0,175,1,6,37,[0:7]: 37*6=222,3778,3778,176
177,features.11,0,0,0,176,1,21,-34,[0:7]: -34*21=-714,3064,3064,177
178,features.11,0,0,0,177,1,0,5,[0:7]: 5*0=0,3064,3064,178
179,features.11,0,0,0,178,1,10,-10,[0:7]: -10*10=-100,2964,2964,179
180,features.11,0,0,0,179,1,8,-7,[0:7]: -7*8=-56,2908,2908,180
181,features.11,0,0,0,180,1,0,11,[0:7]: 11*0=0,2908,2908,181
1,features.15,0,0,0,0,1,0,-13,[0:7]: -13*0=0,0,0,1
2,features.15,0,0,0,1,1,0,3,[0:7]: 3*0=0,0,0,2
3,features.15,0,0,0,2,1,0,20,[0:7]: 20*0=0,0,0,3
4,features.15,0,0,0,3,1,0,9,[0:7]: 9*0=0,0,0,4
5,features.15,0,0,0,4,1,13,15,[0:7]: 15*13=195,195,195,5
6,features.15,0,0,0,5,1,21,2,[0:7]: 2*21=42,237,237,6
7,features.15,0,0,0,6,1,0,24,[0:7]: 24*0=0,237,237,7
8,features.15,0,0,0,7,1,33,49,[0:7]: 49*33=1617,1854,1854,8
9,features.15,0,0,0,8,1,18,2,[0:7]: 2*18=36,1890,1890,9
10,features.15,0,0,0,9,1,0,-11,[0:7]: -11*0=0,1890,1890,10
11,features.15,0,0,0,10,1,0,-37,[0:7]: -37*0=0,1890,1890,11
12,features.15,0,0,0,11,1,0,-5,[0:7]: -5*0=0,1890,1890,12
13,features.15,0,0,0,12,1,0,17,[0:7]: 17*0=0,1890,1890,13
14,features.15,0,0,0,13,1,18,-19,[0:7]: -19*18=-342,1548,1548,14
15,features.15,0,0,0,14,1,27,-25,[0:7]: -25*27=-675,873,873,15
16,features.15,0,0,0,15,1,0,1,[0:7]: 1*0=0,873,873,16
17,features.15,0,0,0,16,1,15,-35,[0:7]: -35*15=-525,348,348,17
18,features.15,0,0,0,17,1,26,30,[0:7]: 30*26=780,1128,1128,18
19,features.15,0,0,0,18,1,0,72,[0:7]: 72*0=0,1128,1128,19
20,features.15,0,0,0,19,1,0,15,[0:7]: 15*0=0,1128,1128,20
21,features.15,0,0,0,20,1,0,-38,[0:7]: -38*0=0,1128,1128,21
22,features.15,0,0,0,21,1,0,20,[0:7]: 20*0=0,1128,1128,22
23,features.15,0,0,0,22,1,8,-28,[0:7]: -28*8=-224,904,904,23
24,features.15,0,0,0,23,1,0,13,[0:7]: 13*0=0,904,904,24
25,features.15,0,0,0,24,1,0,-3,[0:7]: -3*0=0,904,904,25
26,features.15,0,0,0,25,1,0,18,[0:7]: 18*0=0,904,904,26
27,features.15,0,0,0,26,1,0,18,[0:7]: 18*0=0,904,904,27
28,features.15,0,0,0,27,1,0,-12,[0:7]: -12*0=0,904,904,28
29,features.15,0,0,0,28,1,0,11,[0:7]: 11*0=0,904,904,29
30,features.15,0,0,0,29,1,0,32,[0:7]: 32*0=0,904,904,30
31,features.15,0,0,0,30,1,0,-3,[0:7]: -3*0=0,904,904,31
32,features.15,0,0,0,31,1,10,-27,[0:7]: -27*10=-270,634,634,32
33,features.15,0,0,0,32,1,0,-24,[0:7]: -24*0=0,634,634,33
34,features.15,0,0,0,33,1,0,-2,[0:7]: -2*0=0,634,634,34
35,features.15,0,0,0,34,1,10,2,[0:7]: 2*10=20,654,654,35
36,features.15,0,0,0,35,1,0,19,[0:7]: 19*0=0,654,654,36
37,features.15,0,0,0,36,1,0,9,[0:7]: 9*0=0,654,654,37
38,features.15,0,0,0,37,1,0,-28,[0:7]: -28*0=0,654,654,38
39,features.15,0,0,0,38,1,0,-3,[0:7]: -3*0=0,654,654,39
40,features.15,0,0,0,39,1,0,36,[0:7]: 36*0=0,654,654,40
41,features.15,0,0,0,40,1,33,-32,[0:7]: -32*33=-1056,-402,-402,41
42,features.15,0,0,0,41,1,33,6,[0:7]: 6*33=198,-204,-204,42
43,features.15,0,0,0,42,1,0,19,[0:7]: 19*0=0,-204,-204,43
44,features.15,0,0,0,43,1,12,-1,[0:7]: -1*12=-12,-216,-216,44
45,features.15,0,0,0,44,1,8,21,[0:7]: 21*8=168,-48,-48,45
46,features.15,0,0,0,45,1,0,-15,[0:7]: -15*0=0,-48,-48,46
47,features.15,0,0,0,46,1,0,-38,[0:7]: -38*0=0,-48,-48,47
48,features.15,0,0,0,47,1,0,0,[0:7]: 0*0=0,-48,-48,48
49,features.15,0,0,0,48,1,0,-22,[0:7]: -22*0=0,-48,-48,49
50,features.15,0,0,0,49,1,19,36,[0:7]: 36*19=684,636,636,50
51,features.15,0,0,0,50,1,25,11,[0:7]: 11*25=275,911,911,51
52,features.15,0,0,0,51,1,0,2,[0:7]: 2*0=0,911,911,52
53,features.15,0,0,0,52,1,15,-19,[0:7]: -19*15=-285,626,626,53
54,features.15,0,0,0,53,1,32,-18,[0:7]: -18*32=-576,50,50,54
55,features.15,0,0,0,54,1,0,39,[0:7]: 39*0=0,50,50,55
56,features.15,0,0,0,55,1,0,19,[0:7]: 19*0=0,50,50,56
57,features.15,0,0,0,56,1,0,13,[0:7]: 13*0=0,50,50,57
58,features.15,0,0,0,57,1,0,75,[0:7]: 75*0=0,50,50,58
59,features.15,0,0,0,58,1,0,-15,[0:7]: -15*0=0,50,50,59
60,features.15,0,0,0,59,1,0,15,[0:7]: 15*0=0,50,50,60
61,features.15,0,0,0,60,1,0,0,[0:7]: 0*0=0,50,50,61
62,features.15,0,0,0,61,1,0,5,[0:7]: 5*0=0,50,50,62
63,features.15,0,0,0,62,1,0,23,[0:7]: 23*0=0,50,50,63
64,features.15,0,0,0,63,1,0,-13,[0:7]: -13*0=0,50,50,64
65,features.15,0,0,0,64,1,0,-50,[0:7]: -50*0=0,50,50,65
66,features.15,0,0,0,65,1,0,0,[0:7]: 0*0=0,50,50,66
67,features.15,0,0,0,66,1,0,41,[0:7]: 41*0=0,50,50,67
68,features.15,0,0,0,67,1,0,7,[0:7]: 7*0=0,50,50,68
69,features.15,0,0,0,68,1,0,-13,[0:7]: -13*0=0,50,50,69
70,features.15,0,0,0,69,1,0,-21,[0:7]: -21*0=0,50,50,70
71,features.15,0,0,0,70,1,0,15,[0:7]: 15*0=0,50,50,71
72,features.15,0,0,0,71,1,0,-50,[0:7]: -50*0=0,50,50,72
73,features.15,0,0,0,72,1,0,5,[0:7]: 5*0=0,50,50,73
74,features.15,0,0,0,73,1,0,20,[0:7]: 20*0=0,50,50,74
75,features.15,0,0,0,74,1,0,37,[0:7]: 37*0=0,50,50,75
76,features.15,0,0,0,75,1,0,-10,[0:7]: -10*0=0,50,50,76
77,features.15,0,0,0,76,1,12,-60,[0:7]: -60*12=-720,-670,-670,77
78,features.15,0,0,0,77,1,14,-8,[0:7]: -8*14=-112,-782,-782,78
79,features.15,0,0,0,78,1,0,-8,[0:7]: -8*0=0,-782,-782,79
80,features.15,0,0,0,79,1,6,-2,[0:7]: -2*6=-12,-794,-794,80
81,features.15,0,0,0,80,1,18,-17,[0:7]: -17*18=-306,-1100,-1100,81
82,features.15,0,0,0,81,1,0,-17,[0:7]: -17*0=0,-1100,-1100,82
83,features.15,0,0,0,82,1,0,-56,[0:7]: -56*0=0,-1100,-1100,83
84,features.15,0,0,0,83,1,0,-41,[0:7]: -41*0=0,-1100,-1100,84
85,features.15,0,0,0,84,1,0,15,[0:7]: 15*0=0,-1100,-1100,85
86,features.15,0,0,0,85,1,29,-37,[0:7]: -37*29=-1073,-2173,-2173,86
87,features.15,0,0,0,86,1,44,25,[0:7]: 25*44=1100,-1073,-1073,87
88,features.15,0,0,0,87,1,0,0,[0:7]: 0*0=0,-1073,-1073,88
89,features.15,0,0,0,88,1,33,5,[0:7]: 5*33=165,-908,-908,89
90,features.15,0,0,0,89,1,50,-12,[0:7]: -12*50=-600,-1508,-1508,90
91,features.15,0,0,0,90,1,0,-23,[0:7]: -23*0=0,-1508,-1508,91
92,features.15,0,0,0,91,1,0,2,[0:7]: 2*0=0,-1508,-1508,92
93,features.15,0,0,0,92,1,0,-2,[0:7]: -2*0=0,-1508,-1508,93
94,features.15,0,0,0,93,1,0,-21,[0:7]: -21*0=0,-1508,-1508,94
95,features.15,0,0,0,94,1,0,33,[0:7]: 33*0=0,-1508,-1508,95
96,features.15,0,0,0,95,1,0,11,[0:7]: 11*0=0,-1508,-1508,96
97,features.15,0,0,0,96,1,0,-22,[0:7]: -22*0=0,-1508,-1508,97
98,features.15,0,0,0,97,1,0,12,[0:7]: 12*0=0,-1508,-1508,98
99,features.15,0,0,0,98,1,5,-33,[0:7]: -33*5=-165,-1673,-1673,99
100,features.15,0,0,0,99,1,0,-31,[0:7]: -31*0=0,-1673,-1673,100
101,features.15,0,0,0,100,1,0,12,[0:7]: 12*0=0,-1673,-1673,101
102,features.15,0,0,0,101,1,0,-19,[0:7]: -19*0=0,-1673,-1673,102
103,features.15,0,0,0,102,1,0,-20,[0:7]: -20*0=0,-1673,-1673,103
104,features.15,0,0,0,103,1,20,10,[0:7]: 10*20=200,-1473,-1473,104
105,features.15,0,0,0,104,1,28,-8,[0:7]: -8*28=-224,-1697,-1697,105
106,features.15,0,0,0,105,1,0,-5,[0:7]: -5*0=0,-1697,-1697,106
107,features.15,0,0,0,106,1,29,16,[0:7]: 16*29=464,-1233,-1233,107
108,features.15,0,0,0,107,1,30,-30,[0:7]: -30*30=-900,-2133,-2133,108
109,features.15,0,0,0,108,1,0,51,[0:7]: 51*0=0,-2133,-2133,109
110,features.15,0,0,0,109,1,0,0,[0:7]: 0*0=0,-2133,-2133,110
111,features.15,0,0,0,110,1,0,15,[0:7]: 15*0=0,-2133,-2133,111
112,features.15,0,0,0,111,1,0,2,[0:7]: 2*0=0,-2133,-2133,112
113,features.15,0,0,0,112,1,21,5,[0:7]: 5*21=105,-2028,-2028,113
114,features.15,0,0,0,113,1,31,62,[0:7]: 62*31=1922,-106,-106,114
115,features.15,0,0,0,114,1,0,8,[0:7]: 8*0=0,-106,-106,115
116,features.15,0,0,0,115,1,47,33,[0:7]: 33*47=1551,1445,1445,116
117,features.15,0,0,0,116,1,36,-45,[0:7]: -45*36=-1620,-175,-175,117
118,features.15,0,0,0,117,1,0,45,[0:7]: 45*0=0,-175,-175,118
119,features.15,0,0,0,118,1,0,-5,[0:7]: -5*0=0,-175,-175,119
120,features.15,0,0,0,119,1,0,20,[0:7]: 20*0=0,-175,-175,120
121,features.15,0,0,0,120,1,0,-1,[0:7]: -1*0=0,-175,-175,121
122,features.15,0,0,0,121,1,19,7,[0:7]: 7*19=133,-42,-42,122
123,features.15,0,0,0,122,1,20,-20,[0:7]: -20*20=-400,-442,-442,123
124,features.15,0,0,0,123,1,0,29,[0:7]: 29*0=0,-442,-442,124
125,features.15,0,0,0,124,1,28,23,[0:7]: 23*28=644,202,202,125
126,features.15,0,0,0,125,1,27,3,[0:7]: 3*27=81,283,283,126
127,features.15,0,0,0,126,1,0,-66,[0:7]: -66*0=0,283,283,127
128,features.15,0,0,0,127,1,0,15,[0:7]: 15*0=0,283,283,128
129,features.15,0,0,0,128,1,0,50,[0:7]: 50*0=0,283,283,129
130,features.15,0,0,0,129,1,0,8,[0:7]: 8*0=0,283,283,130
131,features.15,0,0,0,130,1,11,-3,[0:7]: -3*11=-33,250,250,131
132,features.15,0,0,0,131,1,0,0,[0:7]: 0*0=0,250,250,132
133,features.15,0,0,0,132,1,0,22,[0:7]: 22*0=0,250,250,133
134,features.15,0,0,0,133,1,0,-18,[0:7]: -18*0=0,250,250,134
135,features.15,0,0,0,134,1,0,31,[0:7]: 31*0=0,250,250,135
136,features.15,0,0,0,135,1,0,0,[0:7]: 0*0=0,250,250,136
137,features.15,0,0,0,136,1,0,19,[0:7]: 19*0=0,250,250,137
138,features.15,0,0,0,137,1,0,-45,[0:7]: -45*0=0,250,250,138
139,features.15,0,0,0,138,1,0,-42,[0:7]: -42*0=0,250,250,139
140,features.15,0,0,0,139,1,0,-2,[0:7]: -2*0=0,250,250,140
141,features.15,0,0,0,140,1,0,13,[0:7]: 13*0=0,250,250,141
142,features.15,0,0,0,141,1,0,-4,[0:7]: -4*0=0,250,250,142
143,features.15,0,0,0,142,1,0,-38,[0:7]: -38*0=0,250,250,143
144,features.15,0,0,0,143,1,0,-1,[0:7]: -1*0=0,250,250,144
145,features.15,0,0,0,144,1,0,-2,[0:7]: -2*0=0,250,250,145
146,features.15,0,0,0,145,1,0,17,[0:7]: 17*0=0,250,250,146
147,features.15,0,0,0,146,1,0,12,[0:7]: 12*0=0,250,250,147
148,features.15,0,0,0,147,1,0,16,[0:7]: 16*0=0,250,250,148
149,features.15,0,0,0,148,1,28,0,[0:7]: 0*28=0,250,250,149
150,features.15,0,0,0,149,1,27,-28,[0:7]: -28*27=-756,-506,-506,150
151,features.15,0,0,0,150,1,0,-12,[0:7]: -12*0=0,-506,-506,151
152,features.15,0,0,0,151,1,25,-17,[0:7]: -17*25=-425,-931,-931,152
153,features.15,0,0,0,152,1,18,-23,[0:7]: -23*18=-414,-1345,-1345,153
154,features.15,0,0,0,153,1,0,22,[0:7]: 22*0=0,-1345,-1345,154
155,features.15,0,0,0,154,1,0,37,[0:7]: 37*0=0,-1345,-1345,155
156,features.15,0,0,0,155,1,0,35,[0:7]: 35*0=0,-1345,-1345,156
157,features.15,0,0,0,156,1,0,-13,[0:7]: -13*0=0,-1345,-1345,157
158,features.15,0,0,0,157,1,7,9,[0:7]: 9*7=63,-1282,-1282,158
159,features.15,0,0,0,158,1,6,11,[0:7]: 11*6=66,-1216,-1216,159
160,features.15,0,0,0,159,1,0,-12,[0:7]: -12*0=0,-1216,-1216,160
161,features.15,0,0,0,160,1,15,-4,[0:7]: -4*15=-60,-1276,-1276,161
162,features.15,0,0,0,161,1,0,-13,[0:7]: -13*0=0,-1276,-1276,162
163,features.15,0,0,0,162,1,0,39,[0:7]: 39*0=0,-1276,-1276,163
164,features.15,0,0,0,163,1,0,-13,[0:7]: -13*0=0,-1276,-1276,164
165,features.15,0,0,0,164,1,0,-15,[0:7]: -15*0=0,-1276,-1276,165
166,features.15,0,0,0,165,1,0,8,[0:7]: 8*0=0,-1276,-1276,166
167,features.15,0,0,0,166,1,14,-24,[0:7]: -24*14=-336,-1612,-1612,167
168,features.15,0,0,0,167,1,2,-21,[0:7]: -21*2=-42,-1654,-1654,168
169,features.15,0,0,0,168,1,0,17,[0:7]: 17*0=0,-1654,-1654,169
170,features.15,0,0,0,169,1,16,60,[0:7]: 60*16=960,-694,-694,170
171,features.15,0,0,0,170,1,0,11,[0:7]: 11*0=0,-694,-694,171
172,features.15,0,0,0,171,1,0,40,[0:7]: 40*0=0,-694,-694,172
173,features.15,0,0,0,172,1,0,-12,[0:7]: -12*0=0,-694,-694,173
174,features.15,0,0,0,173,1,0,-36,[0:7]: -36*0=0,-694,-694,174
175,features.15,0,0,0,174,1,0,8,[0:7]: 8*0=0,-694,-694,175
176,features.15,0,0,0,175,1,0,34,[0:7]: 34*0=0,-694,-694,176
177,features.15,0,0,0,176,1,0,3,[0:7]: 3*0=0,-694,-694,177
178,features.15,0,0,0,177,1,0,-1,[0:7]: -1*0=0,-694,-694,178
179,features.15,0,0,0,178,1,18,71,[0:7]: 71*18=1278,584,584,179
180,features.15,0,0,0,179,1,12,-10,[0:7]: -10*12=-120,464,464,180
181,features.15,0,0,0,180,1,0,27,[0:7]: 27*0=0,464,464,181
1,features.18,0,0,0,0,1,0,2,[0:1]: 2*0=0,0,0,1
2,features.18,0,0,0,1,1,0,16,[0:1]: 16*0=0,0,0,2
3,features.18,0,0,0,2,1,0,18,[0:1]: 18*0=0,0,0,3
4,features.18,0,0,0,3,1,0,-10,[0:1]: -10*0=0,0,0,4
5,features.18,0,0,0,4,1,3,1,[0:1]: 1*3=3,3,3,5
6,features.18,0,0,0,5,1,15,-26,[0:1]: -26*15=-390,-387,-387,6
7,features.18,0,0,0,6,1,0,5,[0:1]: 5*0=0,-387,-387,7
8,features.18,0,0,0,7,1,6,28,[0:1]: 28*6=168,-219,-219,8
9,features.18,0,0,0,8,1,6,-9,[0:1]: -9*6=-54,-273,-273,9
10,features.18,0,0,0,9,1,0,-50,[0:1]: -50*0=0,-273,-273,10
11,features.18,0,0,0,10,1,0,-16,[0:1]: -16*0=0,-273,-273,11
12,features.18,0,0,0,11,1,0,-58,[0:1]: -58*0=0,-273,-273,12
13,features.18,0,0,0,12,1,0,15,[0:1]: 15*0=0,-273,-273,13
14,features.18,0,0,0,13,1,33,-4,[0:1]: -4*33=-132,-405,-405,14
15,features.18,0,0,0,14,1,56,13,[0:1]: 13*56=728,323,323,15
16,features.18,0,0,0,15,1,0,9,[0:1]: 9*0=0,323,323,16
17,features.18,0,0,0,16,1,23,-36,[0:1]: -36*23=-828,-505,-505,17
18,features.18,0,0,0,17,1,35,-2,[0:1]: -2*35=-70,-575,-575,18
19,features.18,0,0,0,18,1,0,-1,[0:1]: -1*0=0,-575,-575,19
20,features.18,0,0,0,19,1,0,28,[0:1]: 28*0=0,-575,-575,20
21,features.18,0,0,0,20,1,0,41,[0:1]: 41*0=0,-575,-575,21
22,features.18,0,0,0,21,1,0,5,[0:1]: 5*0=0,-575,-575,22
23,features.18,0,0,0,22,1,10,-4,[0:1]: -4*10=-40,-615,-615,23
24,features.18,0,0,0,23,1,21,-19,[0:1]: -19*21=-399,-1014,-1014,24
25,features.18,0,0,0,24,1,0,5,[0:1]: 5*0=0,-1014,-1014,25
26,features.18,0,0,0,25,1,0,-26,[0:1]: -26*0=0,-1014,-1014,26
27,features.18,0,0,0,26,1,4,0,[0:1]: 0*4=0,-1014,-1014,27
28,features.18,0,0,0,27,1,0,19,[0:1]: 19*0=0,-1014,-1014,28
29,features.18,0,0,0,28,1,0,11,[0:1]: 11*0=0,-1014,-1014,29
30,features.18,0,0,0,29,1,0,-28,[0:1]: -28*0=0,-1014,-1014,30
31,features.18,0,0,0,30,1,0,29,[0:1]: 29*0=0,-1014,-1014,31
32,features.18,0,0,0,31,1,23,-4,[0:1]: -4*23=-92,-1106,-1106,32
33,features.18,0,0,0,32,1,16,36,[0:1]: 36*16=576,-530,-530,33
34,features.18,0,0,0,33,1,0,-2,[0:1]: -2*0=0,-530,-530,34
35,features.18,0,0,0,34,1,6,-34,[0:1]: -34*6=-204,-734,-734,35
36,features.18,0,0,0,35,1,7,35,[0:1]: 35*7=245,-489,-489,36
37,features.18,0,0,0,36,1,0,-24,[0:1]: -24*0=0,-489,-489,37
38,features.18,0,0,0,37,1,0,25,[0:1]: 25*0=0,-489,-489,38
39,features.18,0,0,0,38,1,0,-28,[0:1]: -28*0=0,-489,-489,39
40,features.18,0,0,0,39,1,0,-10,[0:1]: -10*0=0,-489,-489,40
41,features.18,0,0,0,40,1,34,-10,[0:1]: -10*34=-340,-829,-829,41
42,features.18,0,0,0,41,1,40,-15,[0:1]: -15*40=-600,-1429,-1429,42
43,features.18,0,0,0,42,1,0,17,[0:1]: 17*0=0,-1429,-1429,43
44,features.18,0,0,0,43,1,25,14,[0:1]: 14*25=350,-1079,-1079,44
45,features.18,0,0,0,44,1,19,2,[0:1]: 2*19=38,-1041,-1041,45
46,features.18,0,0,0,45,1,0,24,[0:1]: 24*0=0,-1041,-1041,46
47,features.18,0,0,0,46,1,0,0,[0:1]: 0*0=0,-1041,-1041,47
48,features.18,0,0,0,47,1,0,-13,[0:1]: -13*0=0,-1041,-1041,48
49,features.18,0,0,0,48,1,0,58,[0:1]: 58*0=0,-1041,-1041,49
50,features.18,0,0,0,49,1,0,-8,[0:1]: -8*0=0,-1041,-1041,50
51,features.18,0,0,0,50,1,0,-4,[0:1]: -4*0=0,-1041,-1041,51
52,features.18,0,0,0,51,1,0,-6,[0:1]: -6*0=0,-1041,-1041,52
53,features.18,0,0,0,52,1,0,67,[0:1]: 67*0=0,-1041,-1041,53
54,features.18,0,0,0,53,1,0,1,[0:1]: 1*0=0,-1041,-1041,54
55,features.18,0,0,0,54,1,0,2,[0:1]: 2*0=0,-1041,-1041,55
56,features.18,0,0,0,55,1,0,48,[0:1]: 48*0=0,-1041,-1041,56
57,features.18,0,0,0,56,1,0,-25,[0:1]: -25*0=0,-1041,-1041,57
58,features.18,0,0,0,57,1,0,13,[0:1]: 13*0=0,-1041,-1041,58
59,features.18,0,0,0,58,1,21,-9,[0:1]: -9*21=-189,-1230,-1230,59
60,features.18,0,0,0,59,1,11,-22,[0:1]: -22*11=-242,-1472,-1472,60
61,features.18,0,0,0,60,1,0,-2,[0:1]: -2*0=0,-1472,-1472,61
62,features.18,0,0,0,61,1,45,9,[0:1]: 9*45=405,-1067,-1067,62
63,features.18,0,0,0,62,1,53,38,[0:1]: 38*53=2014,947,947,63
64,features.18,0,0,0,63,1,0,-63,[0:1]: -63*0=0,947,947,64
65,features.18,0,0,0,64,1,0,9,[0:1]: 9*0=0,947,947,65
66,features.18,0,0,0,65,1,0,-45,[0:1]: -45*0=0,947,947,66
67,features.18,0,0,0,66,1,0,26,[0:1]: 26*0=0,947,947,67
68,features.18,0,0,0,67,1,0,-25,[0:1]: -25*0=0,947,947,68
69,features.18,0,0,0,68,1,0,4,[0:1]: 4*0=0,947,947,69
70,features.18,0,0,0,69,1,0,-25,[0:1]: -25*0=0,947,947,70
71,features.18,0,0,0,70,1,0,-32,[0:1]: -32*0=0,947,947,71
72,features.18,0,0,0,71,1,0,42,[0:1]: 42*0=0,947,947,72
73,features.18,0,0,0,72,1,0,-8,[0:1]: -8*0=0,947,947,73
74,features.18,0,0,0,73,1,0,12,[0:1]: 12*0=0,947,947,74
75,features.18,0,0,0,74,1,0,2,[0:1]: 2*0=0,947,947,75
76,features.18,0,0,0,75,1,0,-33,[0:1]: -33*0=0,947,947,76
77,features.18,0,0,0,76,1,15,-34,[0:1]: -34*15=-510,437,437,77
78,features.18,0,0,0,77,1,1,-25,[0:1]: -25*1=-25,412,412,78
79,features.18,0,0,0,78,1,0,13,[0:1]: 13*0=0,412,412,79
80,features.18,0,0,0,79,1,16,17,[0:1]: 17*16=272,684,684,80
81,features.18,0,0,0,80,1,15,2,[0:1]: 2*15=30,714,714,81
82,features.18,0,0,0,81,1,0,47,[0:1]: 47*0=0,714,714,82
83,features.18,0,0,0,82,1,0,10,[0:1]: 10*0=0,714,714,83
84,features.18,0,0,0,83,1,0,8,[0:1]: 8*0=0,714,714,84
85,features.18,0,0,0,84,1,0,-67,[0:1]: -67*0=0,714,714,85
86,features.18,0,0,0,85,1,0,-17,[0:1]: -17*0=0,714,714,86
87,features.18,0,0,0,86,1,0,-23,[0:1]: -23*0=0,714,714,87
88,features.18,0,0,0,87,1,0,-9,[0:1]: -9*0=0,714,714,88
89,features.18,0,0,0,88,1,0,-6,[0:1]: -6*0=0,714,714,89
90,features.18,0,0,0,89,1,0,-11,[0:1]: -11*0=0,714,714,90
91,features.18,0,0,0,90,1,0,-1,[0:1]: -1*0=0,714,714,91
92,features.18,0,0,0,91,1,0,-21,[0:1]: -21*0=0,714,714,92
93,features.18,0,0,0,92,1,0,-4,[0:1]: -4*0=0,714,714,93
94,features.18,0,0,0,93,1,0,0,[0:1]: 0*0=0,714,714,94
95,features.18,0,0,0,94,1,0,-29,[0:1]: -29*0=0,714,714,95
96,features.18,0,0,0,95,1,0,-17,[0:1]: -17*0=0,714,714,96
97,features.18,0,0,0,96,1,0,43,[0:1]: 43*0=0,714,714,97
98,features.18,0,0,0,97,1,0,6,[0:1]: 6*0=0,714,714,98
99,features.18,0,0,0,98,1,28,5,[0:1]: 5*28=140,854,854,99
100,features.18,0,0,0,99,1,0,28,[0:1]: 28*0=0,854,854,100
101,features.18,0,0,0,100,1,0,21,[0:1]: 21*0=0,854,854,101
102,features.18,0,0,0,101,1,0,-11,[0:1]: -11*0=0,854,854,102
103,features.18,0,0,0,102,1,0,-20,[0:1]: -20*0=0,854,854,103
104,features.18,0,0,0,103,1,67,-19,[0:1]: -19*67=-1273,-419,-419,104
105,features.18,0,0,0,104,1,57,-2,[0:1]: -2*57=-114,-533,-533,105
106,features.18,0,0,0,105,1,0,-22,[0:1]: -22*0=0,-533,-533,106
107,features.18,0,0,0,106,1,82,21,[0:1]: 21*82=1722,1189,1189,107
108,features.18,0,0,0,107,1,98,26,[0:1]: 26*98=2548,3737,3737,108
109,features.18,0,0,0,108,1,0,-2,[0:1]: -2*0=0,3737,3737,109
110,features.18,0,0,0,109,1,0,0,[0:1]: 0*0=0,3737,3737,110
111,features.18,0,0,0,110,1,0,68,[0:1]: 68*0=0,3737,3737,111
112,features.18,0,0,0,111,1,0,-46,[0:1]: -46*0=0,3737,3737,112
113,features.18,0,0,0,112,1,34,21,[0:1]: 21*34=714,4451,4451,113
114,features.18,0,0,0,113,1,39,12,[0:1]: 12*39=468,4919,4919,114
115,features.18,0,0,0,114,1,0,42,[0:1]: 42*0=0,4919,4919,115
116,features.18,0,0,0,115,1,25,-45,[0:1]: -45*25=-1125,3794,3794,116
117,features.18,0,0,0,116,1,19,-20,[0:1]: -20*19=-380,3414,3414,117
118,features.18,0,0,0,117,1,0,18,[0:7]: 18*0=0,3414,3414,118
119,features.18,0,0,0,118,1,0,11,[0:7]: 11*0=0,3414,3414,119
120,features.18,0,0,0,119,1,0,-30,[0:7]: -30*0=0,3414,3414,120
121,features.18,0,0,0,120,1,0,-7,[0:7]: -7*0=0,3414,3414,121
122,features.18,0,0,0,121,1,7,-9,[0:7]: -9*7=-63,3351,3351,122
123,features.18,0,0,0,122,1,4,-18,[0:7]: -18*4=-72,3279,3279,123
124,features.18,0,0,0,123,1,0,26,[0:7]: 26*0=0,3279,3279,124
125,features.18,0,0,0,124,1,12,-22,[0:7]: -22*12=-264,3015,3015,125
126,features.18,0,0,0,125,1,17,17,[0:7]: 17*17=289,3304,3304,126
127,features.18,0,0,0,126,1,0,0,[0:7]: 0*0=0,3304,3304,127
128,features.18,0,0,0,127,1,0,3,[0:7]: 3*0=0,3304,3304,128
129,features.18,0,0,0,128,1,0,2,[0:7]: 2*0=0,3304,3304,129
130,features.18,0,0,0,129,1,0,-18,[0:7]: -18*0=0,3304,3304,130
131,features.18,0,0,0,130,1,0,-3,[0:7]: -3*0=0,3304,3304,131
132,features.18,0,0,0,131,1,20,-12,[0:7]: -12*20=-240,3064,3064,132
133,features.18,0,0,0,132,1,0,-24,[0:7]: -24*0=0,3064,3064,133
134,features.18,0,0,0,133,1,0,-6,[0:7]: -6*0=0,3064,3064,134
135,features.18,0,0,0,134,1,0,-1,[0:7]: -1*0=0,3064,3064,135
136,features.18,0,0,0,135,1,0,53,[0:7]: 53*0=0,3064,3064,136
137,features.18,0,0,0,136,1,0,31,[0:7]: 31*0=0,3064,3064,137
138,features.18,0,0,0,137,1,0,6,[0:7]: 6*0=0,3064,3064,138
139,features.18,0,0,0,138,1,0,-30,[0:7]: -30*0=0,3064,3064,139
140,features.18,0,0,0,139,1,0,17,[0:7]: 17*0=0,3064,3064,140
141,features.18,0,0,0,140,1,3,-11,[0:7]: -11*3=-33,3031,3031,141
142,features.18,0,0,0,141,1,0,-21,[0:7]: -21*0=0,3031,3031,142
143,features.18,0,0,0,142,1,0,47,[0:7]: 47*0=0,3031,3031,143
144,features.18,0,0,0,143,1,11,-18,[0:7]: -18*11=-198,2833,2833,144
145,features.18,0,0,0,144,1,0,-22,[0:7]: -22*0=0,2833,2833,145
146,features.18,0,0,0,145,1,0,-1,[0:7]: -1*0=0,2833,2833,146
147,features.18,0,0,0,146,1,0,28,[0:7]: 28*0=0,2833,2833,147
148,features.18,0,0,0,147,1,0,-26,[0:7]: -26*0=0,2833,2833,148
149,features.18,0,0,0,148,1,0,24,[0:7]: 24*0=0,2833,2833,149
150,features.18,0,0,0,149,1,0,-21,[0:7]: -21*0=0,2833,2833,150
151,features.18,0,0,0,150,1,0,-14,[0:7]: -14*0=0,2833,2833,151
152,features.18,0,0,0,151,1,0,7,[0:7]: 7*0=0,2833,2833,152
153,features.18,0,0,0,152,1,0,-49,[0:7]: -49*0=0,2833,2833,153
154,features.18,0,0,0,153,1,0,12,[0:7]: 12*0=0,2833,2833,154
155,features.18,0,0,0,154,1,0,10,[0:7]: 10*0=0,2833,2833,155
156,features.18,0,0,0,155,1,0,4,[0:7]: 4*0=0,2833,2833,156
157,features.18,0,0,0,156,1,0,-7,[0:7]: -7*0=0,2833,2833,157
158,features.18,0,0,0,157,1,11,10,[0:7]: 10*11=110,2943,2943,158
159,features.18,0,0,0,158,1,0,50,[0:7]: 50*0=0,2943,2943,159
160,features.18,0,0,0,159,1,0,-35,[0:7]: -35*0=0,2943,2943,160
161,features.18,0,0,0,160,1,0,15,[0:7]: 15*0=0,2943,2943,161
162,features.18,0,0,0,161,1,0,26,[0:7]: 26*0=0,2943,2943,162
163,features.18,0,0,0,162,1,0,13,[0:7]: 13*0=0,2943,2943,163
164,features.18,0,0,0,163,1,0,6,[0:7]: 6*0=0,2943,2943,164
165,features.18,0,0,0,164,1,0,-3,[0:7]: -3*0=0,2943,2943,165
166,features.18,0,0,0,165,1,0,-16,[0:7]: -16*0=0,2943,2943,166
167,features.18,0,0,0,166,1,0,-22,[0:7]: -22*0=0,2943,2943,167
168,features.18,0,0,0,167,1,0,-13,[0:7]: -13*0=0,2943,2943,168
169,features.18,0,0,0,168,1,0,11,[0:7]: 11*0=0,2943,2943,169
170,features.18,0,0,0,169,1,18,31,[0:7]: 31*18=558,3501,3501,170
171,features.18,0,0,0,170,1,0,-16,[0:7]: -16*0=0,3501,3501,171
172,features.18,0,0,0,171,1,0,-35,[0:7]: -35*0=0,3501,3501,172
173,features.18,0,0,0,172,1,0,20,[0:7]: 20*0=0,3501,3501,173
174,features.18,0,0,0,173,1,0,26,[0:7]: 26*0=0,3501,3501,174
175,features.18,0,0,0,174,1,0,13,[0:7]: 13*0=0,3501,3501,175
176,features.18,0,0,0,175,1,13,-12,[0:7]: -12*13=-156,3345,3345,176
177,features.18,0,0,0,176,1,14,-3,[0:7]: -3*14=-42,3303,3303,177
178,features.18,0,0,0,177,1,0,-24,[0:7]: -24*0=0,3303,3303,178
179,features.18,0,0,0,178,1,11,21,[0:7]: 21*11=231,3534,3534,179
180,features.18,0,0,0,179,1,26,14,[0:7]: 14*26=364,3898,3898,180
181,features.18,0,0,0,180,1,0,-8,[0:7]: -8*0=0,3898,3898,181
1,features.22,0,0,0,0,1,0,-8,[0:1]: -8*0=0,0,0,1
2,features.22,0,0,0,1,1,0,0,[0:1]: 0*0=0,0,0,2
3,features.22,0,0,0,2,1,0,9,[0:1]: 9*0=0,0,0,3
4,features.22,0,0,0,3,1,0,-18,[0:1]: -18*0=0,0,0,4
5,features.22,0,0,0,4,1,92,-24,[0:1]: -24*92=-2208,-2208,-2208,5
6,features.22,0,0,0,5,1,53,-11,[0:1]: -11*53=-583,-2791,-2791,6
7,features.22,0,0,0,6,1,0,0,[0:1]: 0*0=0,-2791,-2791,7
8,features.22,0,0,0,7,1,64,10,[0:1]: 10*64=640,-2151,-2151,8
9,features.22,0,0,0,8,1,54,8,[0:1]: 8*54=432,-1719,-1719,9
10,features.22,0,0,0,9,1,0,9,[0:1]: 9*0=0,-1719,-1719,10
11,features.22,0,0,0,10,1,0,24,[0:1]: 24*0=0,-1719,-1719,11
12,features.22,0,0,0,11,1,0,-34,[0:1]: -34*0=0,-1719,-1719,12
13,features.22,0,0,0,12,1,0,15,[0:1]: 15*0=0,-1719,-1719,13
14,features.22,0,0,0,13,1,39,-20,[0:1]: -20*39=-780,-2499,-2499,14
15,features.22,0,0,0,14,1,42,5,[0:1]: 5*42=210,-2289,-2289,15
16,features.22,0,0,0,15,1,0,-8,[0:1]: -8*0=0,-2289,-2289,16
17,features.22,0,0,0,16,1,22,-2,[0:1]: -2*22=-44,-2333,-2333,17
18,features.22,0,0,0,17,1,0,25,[0:1]: 25*0=0,-2333,-2333,18
19,features.22,0,0,0,18,1,0,7,[0:1]: 7*0=0,-2333,-2333,19
20,features.22,0,0,0,19,1,0,29,[0:1]: 29*0=0,-2333,-2333,20
21,features.22,0,0,0,20,1,0,-17,[0:1]: -17*0=0,-2333,-2333,21
22,features.22,0,0,0,21,1,0,19,[0:1]: 19*0=0,-2333,-2333,22
23,features.22,0,0,0,22,1,0,-38,[0:1]: -38*0=0,-2333,-2333,23
24,features.22,0,0,0,23,1,25,-33,[0:1]: -33*25=-825,-3158,-3158,24
25,features.22,0,0,0,24,1,0,-5,[0:1]: -5*0=0,-3158,-3158,25
26,features.22,0,0,0,25,1,40,-56,[0:1]: -56*40=-2240,-5398,-5398,26
27,features.22,0,0,0,26,1,38,-6,[0:1]: -6*38=-228,-5626,-5626,27
28,features.22,0,0,0,27,1,0,-1,[0:1]: -1*0=0,-5626,-5626,28
29,features.22,0,0,0,28,1,0,3,[0:1]: 3*0=0,-5626,-5626,29
30,features.22,0,0,0,29,1,0,-10,[0:1]: -10*0=0,-5626,-5626,30
31,features.22,0,0,0,30,1,0,9,[0:1]: 9*0=0,-5626,-5626,31
32,features.22,0,0,0,31,1,26,15,[0:1]: 15*26=390,-5236,-5236,32
33,features.22,0,0,0,32,1,0,37,[0:1]: 37*0=0,-5236,-5236,33
34,features.22,0,0,0,33,1,0,14,[0:1]: 14*0=0,-5236,-5236,34
35,features.22,0,0,0,34,1,34,17,[0:1]: 17*34=578,-4658,-4658,35
36,features.22,0,0,0,35,1,12,36,[0:1]: 36*12=432,-4226,-4226,36
37,features.22,0,0,0,36,1,0,-4,[0:1]: -4*0=0,-4226,-4226,37
38,features.22,0,0,0,37,1,0,-8,[0:1]: -8*0=0,-4226,-4226,38
39,features.22,0,0,0,38,1,0,-33,[0:1]: -33*0=0,-4226,-4226,39
40,features.22,0,0,0,39,1,0,8,[0:1]: 8*0=0,-4226,-4226,40
41,features.22,0,0,0,40,1,53,51,[0:1]: 51*53=2703,-1523,-1523,41
42,features.22,0,0,0,41,1,26,6,[0:1]: 6*26=156,-1367,-1367,42
43,features.22,0,0,0,42,1,0,19,[0:1]: 19*0=0,-1367,-1367,43
44,features.22,0,0,0,43,1,41,-8,[0:1]: -8*41=-328,-1695,-1695,44
45,features.22,0,0,0,44,1,28,-4,[0:1]: -4*28=-112,-1807,-1807,45
46,features.22,0,0,0,45,1,0,-26,[0:1]: -26*0=0,-1807,-1807,46
47,features.22,0,0,0,46,1,0,-24,[0:1]: -24*0=0,-1807,-1807,47
48,features.22,0,0,0,47,1,0,18,[0:1]: 18*0=0,-1807,-1807,48
49,features.22,0,0,0,48,1,0,2,[0:1]: 2*0=0,-1807,-1807,49
50,features.22,0,0,0,49,1,17,-14,[0:1]: -14*17=-238,-2045,-2045,50
51,features.22,0,0,0,50,1,0,55,[0:1]: 55*0=0,-2045,-2045,51
52,features.22,0,0,0,51,1,0,2,[0:1]: 2*0=0,-2045,-2045,52
53,features.22,0,0,0,52,1,41,-34,[0:1]: -34*41=-1394,-3439,-3439,53
54,features.22,0,0,0,53,1,15,-1,[0:1]: -1*15=-15,-3454,-3454,54
55,features.22,0,0,0,54,1,0,-28,[0:1]: -28*0=0,-3454,-3454,55
56,features.22,0,0,0,55,1,0,-6,[0:1]: -6*0=0,-3454,-3454,56
57,features.22,0,0,0,56,1,0,3,[0:1]: 3*0=0,-3454,-3454,57
58,features.22,0,0,0,57,1,0,13,[0:1]: 13*0=0,-3454,-3454,58
59,features.22,0,0,0,58,1,3,-23,[0:1]: -23*3=-69,-3523,-3523,59
60,features.22,0,0,0,59,1,37,36,[0:1]: 36*37=1332,-2191,-2191,60
61,features.22,0,0,0,60,1,0,-5,[0:1]: -5*0=0,-2191,-2191,61
62,features.22,0,0,0,61,1,6,19,[0:1]: 19*6=114,-2077,-2077,62
63,features.22,0,0,0,62,1,34,63,[0:1]: 63*34=2142,65,65,63
64,features.22,0,0,0,63,1,0,3,[0:1]: 3*0=0,65,65,64
65,features.22,0,0,0,64,1,0,36,[0:1]: 36*0=0,65,65,65
66,features.22,0,0,0,65,1,0,-2,[0:1]: -2*0=0,65,65,66
67,features.22,0,0,0,66,1,0,43,[0:1]: 43*0=0,65,65,67
68,features.22,0,0,0,67,1,7,22,[0:1]: 22*7=154,219,219,68
69,features.22,0,0,0,68,1,60,20,[0:1]: 20*60=1200,1419,1419,69
70,features.22,0,0,0,69,1,0,31,[0:1]: 31*0=0,1419,1419,70
71,features.22,0,0,0,70,1,35,-12,[0:1]: -12*35=-420,999,999,71
72,features.22,0,0,0,71,1,88,3,[0:1]: 3*88=264,1263,1263,72
73,features.22,0,0,0,72,1,0,-16,[0:1]: -16*0=0,1263,1263,73
74,features.22,0,0,0,73,1,0,18,[0:1]: 18*0=0,1263,1263,74
75,features.22,0,0,0,74,1,0,14,[0:1]: 14*0=0,1263,1263,75
76,features.22,0,0,0,75,1,0,9,[0:1]: 9*0=0,1263,1263,76
77,features.22,0,0,0,76,1,13,34,[0:1]: 34*13=442,1705,1705,77
78,features.22,0,0,0,77,1,8,30,[0:1]: 30*8=240,1945,1945,78
79,features.22,0,0,0,78,1,0,-19,[0:1]: -19*0=0,1945,1945,79
80,features.22,0,0,0,79,1,0,4,[0:1]: 4*0=0,1945,1945,80
81,features.22,0,0,0,80,1,5,16,[0:1]: 16*5=80,2025,2025,81
82,features.22,0,0,0,81,1,0,-17,[0:1]: -17*0=0,2025,2025,82
83,features.22,0,0,0,82,1,0,9,[0:1]: 9*0=0,2025,2025,83
84,features.22,0,0,0,83,1,0,38,[0:1]: 38*0=0,2025,2025,84
85,features.22,0,0,0,84,1,0,-21,[0:1]: -21*0=0,2025,2025,85
86,features.22,0,0,0,85,1,0,44,[0:1]: 44*0=0,2025,2025,86
87,features.22,0,0,0,86,1,0,3,[0:1]: 3*0=0,2025,2025,87
88,features.22,0,0,0,87,1,0,34,[0:1]: 34*0=0,2025,2025,88
89,features.22,0,0,0,88,1,0,-30,[0:1]: -30*0=0,2025,2025,89
90,features.22,0,0,0,89,1,3,-1,[0:1]: -1*3=-3,2022,2022,90
91,features.22,0,0,0,90,1,0,5,[0:1]: 5*0=0,2022,2022,91
92,features.22,0,0,0,91,1,0,-18,[0:1]: -18*0=0,2022,2022,92
93,features.22,0,0,0,92,1,0,48,[0:1]: 48*0=0,2022,2022,93
94,features.22,0,0,0,93,1,0,-44,[0:1]: -44*0=0,2022,2022,94
95,features.22,0,0,0,94,1,29,14,[0:1]: 14*29=406,2428,2428,95
96,features.22,0,0,0,95,1,26,5,[0:1]: 5*26=130,2558,2558,96
97,features.22,0,0,0,96,1,0,-9,[0:1]: -9*0=0,2558,2558,97
98,features.22,0,0,0,97,1,42,34,[0:1]: 34*42=1428,3986,3986,98
99,features.22,0,0,0,98,1,38,-39,[0:1]: -39*38=-1482,2504,2504,99
100,features.22,0,0,0,99,1,0,-27,[0:1]: -27*0=0,2504,2504,100
101,features.22,0,0,0,100,1,0,-5,[0:1]: -5*0=0,2504,2504,101
102,features.22,0,0,0,101,1,0,12,[0:1]: 12*0=0,2504,2504,102
103,features.22,0,0,0,102,1,0,1,[0:1]: 1*0=0,2504,2504,103
104,features.22,0,0,0,103,1,20,19,[0:1]: 19*20=380,2884,2884,104
105,features.22,0,0,0,104,1,18,-28,[0:1]: -28*18=-504,2380,2380,105
106,features.22,0,0,0,105,1,0,12,[0:1]: 12*0=0,2380,2380,106
107,features.22,0,0,0,106,1,21,52,[0:1]: 52*21=1092,3472,3472,107
108,features.22,0,0,0,107,1,0,-29,[0:1]: -29*0=0,3472,3472,108
109,features.22,0,0,0,108,1,0,34,[0:1]: 34*0=0,3472,3472,109
110,features.22,0,0,0,109,1,0,42,[0:1]: 42*0=0,3472,3472,110
111,features.22,0,0,0,110,1,0,-65,[0:1]: -65*0=0,3472,3472,111
112,features.22,0,0,0,111,1,0,-8,[0:1]: -8*0=0,3472,3472,112
113,features.22,0,0,0,112,1,61,5,[0:1]: 5*61=305,3777,3777,113
114,features.22,0,0,0,113,1,57,32,[0:1]: 32*57=1824,5601,5601,114
115,features.22,0,0,0,114,1,0,10,[0:1]: 10*0=0,5601,5601,115
116,features.22,0,0,0,115,1,58,-27,[0:1]: -27*58=-1566,4035,4035,116
117,features.22,0,0,0,116,1,46,-11,[0:1]: -11*46=-506,3529,3529,117
118,features.22,0,0,0,117,1,0,29,[0:1]: 29*0=0,3529,3529,118
119,features.22,0,0,0,118,1,0,13,[0:1]: 13*0=0,3529,3529,119
120,features.22,0,0,0,119,1,0,-38,[0:1]: -38*0=0,3529,3529,120
121,features.22,0,0,0,120,1,0,28,[0:1]: 28*0=0,3529,3529,121
122,features.22,0,0,0,121,1,65,15,[0:1]: 15*65=975,4504,4504,122
123,features.22,0,0,0,122,1,60,32,[0:1]: 32*60=1920,6424,6424,123
124,features.22,0,0,0,123,1,0,-34,[0:1]: -34*0=0,6424,6424,124
125,features.22,0,0,0,124,1,70,5,[0:1]: 5*70=350,6774,6774,125
126,features.22,0,0,0,125,1,93,-36,[0:1]: -36*93=-3348,3426,3426,126
127,features.22,0,0,0,126,1,0,10,[0:1]: 10*0=0,3426,3426,127
128,features.22,0,0,0,127,1,0,34,[0:1]: 34*0=0,3426,3426,128
129,features.22,0,0,0,128,1,0,25,[0:1]: 25*0=0,3426,3426,129
130,features.22,0,0,0,129,1,0,-30,[0:1]: -30*0=0,3426,3426,130
131,features.22,0,0,0,130,1,49,13,[0:1]: 13*49=637,4063,4063,131
132,features.22,0,0,0,131,1,33,0,[0:1]: 0*33=0,4063,4063,132
133,features.22,0,0,0,132,1,0,14,[0:1]: 14*0=0,4063,4063,133
134,features.22,0,0,0,133,1,68,-26,[0:1]: -26*68=-1768,2295,2295,134
135,features.22,0,0,0,134,1,21,7,[0:1]: 7*21=147,2442,2442,135
136,features.22,0,0,0,135,1,0,-7,[0:1]: -7*0=0,2442,2442,136
137,features.22,0,0,0,136,1,0,27,[0:1]: 27*0=0,2442,2442,137
138,features.22,0,0,0,137,1,0,-16,[0:1]: -16*0=0,2442,2442,138
139,features.22,0,0,0,138,1,0,3,[0:1]: 3*0=0,2442,2442,139
140,features.22,0,0,0,139,1,4,-18,[0:1]: -18*4=-72,2370,2370,140
141,features.22,0,0,0,140,1,0,14,[0:1]: 14*0=0,2370,2370,141
142,features.22,0,0,0,141,1,0,15,[0:1]: 15*0=0,2370,2370,142
143,features.22,0,0,0,142,1,18,44,[0:1]: 44*18=792,3162,3162,143
144,features.22,0,0,0,143,1,15,-9,[0:1]: -9*15=-135,3027,3027,144
145,features.22,0,0,0,144,1,0,13,[0:1]: 13*0=0,3027,3027,145
146,features.22,0,0,0,145,1,0,6,[0:1]: 6*0=0,3027,3027,146
147,features.22,0,0,0,146,1,0,-19,[0:1]: -19*0=0,3027,3027,147
148,features.22,0,0,0,147,1,0,-30,[0:1]: -30*0=0,3027,3027,148
149,features.22,0,0,0,148,1,40,16,[0:1]: 16*40=640,3667,3667,149
150,features.22,0,0,0,149,1,33,10,[0:1]: 10*33=330,3997,3997,150
151,features.22,0,0,0,150,1,0,-16,[0:1]: -16*0=0,3997,3997,151
152,features.22,0,0,0,151,1,9,-17,[0:1]: -17*9=-153,3844,3844,152
153,features.22,0,0,0,152,1,4,9,[0:1]: 9*4=36,3880,3880,153
154,features.22,0,0,0,153,1,0,-30,[0:1]: -30*0=0,3880,3880,154
155,features.22,0,0,0,154,1,0,-25,[0:1]: -25*0=0,3880,3880,155
156,features.22,0,0,0,155,1,0,10,[0:1]: 10*0=0,3880,3880,156
157,features.22,0,0,0,156,1,0,-17,[0:1]: -17*0=0,3880,3880,157
158,features.22,0,0,0,157,1,22,-13,[0:1]: -13*22=-286,3594,3594,158
159,features.22,0,0,0,158,1,0,-27,[0:1]: -27*0=0,3594,3594,159
160,features.22,0,0,0,159,1,0,14,[0:1]: 14*0=0,3594,3594,160
161,features.22,0,0,0,160,1,13,53,[0:1]: 53*13=689,4283,4283,161
162,features.22,0,0,0,161,1,0,0,[0:1]: 0*0=0,4283,4283,162
163,features.22,0,0,0,162,1,0,1,[0:1]: 1*0=0,4283,4283,163
164,features.22,0,0,0,163,1,0,-27,[0:1]: -27*0=0,4283,4283,164
165,features.22,0,0,0,164,1,0,7,[0:1]: 7*0=0,4283,4283,165
166,features.22,0,0,0,165,1,0,-9,[0:1]: -9*0=0,4283,4283,166
167,features.22,0,0,0,166,1,64,44,[0:1]: 44*64=2816,7099,7099,167
168,features.22,0,0,0,167,1,57,-15,[0:1]: -15*57=-855,6244,6244,168
169,features.22,0,0,0,168,1,0,33,[0:1]: 33*0=0,6244,6244,169
170,features.22,0,0,0,169,1,2,14,[0:1]: 14*2=28,6272,6272,170
171,features.22,0,0,0,170,1,0,-13,[0:1]: -13*0=0,6272,6272,171
172,features.22,0,0,0,171,1,0,-2,[0:1]: -2*0=0,6272,6272,172
173,features.22,0,0,0,172,1,0,-26,[0:1]: -26*0=0,6272,6272,173
174,features.22,0,0,0,173,1,0,17,[0:1]: 17*0=0,6272,6272,174
175,features.22,0,0,0,174,1,0,-8,[0:1]: -8*0=0,6272,6272,175
176,features.22,0,0,0,175,1,18,44,[0:1]: 44*18=792,7064,7064,176
177,features.22,0,0,0,176,1,0,-4,[0:1]: -4*0=0,7064,7064,177
178,features.22,0,0,0,177,1,0,-3,[0:1]: -3*0=0,7064,7064,178
179,features.22,0,0,0,178,1,18,-26,[0:1]: -26*18=-468,6596,6596,179
180,features.22,0,0,0,179,1,0,2,[0:1]: 2*0=0,6596,6596,180
181,features.22,0,0,0,180,1,0,4,[0:1]: 4*0=0,6596,6596,181
1,features.25,0,0,0,0,1,0,0,[0:1]: 0*0=0,0,0,1
2,features.25,0,0,0,1,1,0,0,[0:1]: 0*0=0,0,0,2
3,features.25,0,0,0,2,1,0,0,[0:1]: 0*0=0,0,0,3
4,features.25,0,0,0,3,1,0,0,[0:1]: 0*0=0,0,0,4
5,features.25,0,0,0,4,1,0,0,[0:1]: 0*0=0,0,0,5
6,features.25,0,0,0,5,1,0,0,[0:1]: 0*0=0,0,0,6
7,features.25,0,0,0,6,1,0,0,[0:1]: 0*0=0,0,0,7
8,features.25,0,0,0,7,1,0,0,[0:1]: 0*0=0,0,0,8
9,features.25,0,0,0,8,1,0,0,[0:1]: 0*0=0,0,0,9
10,features.25,0,0,0,9,1,0,0,[0:1]: 0*0=0,0,0,10
11,features.25,0,0,0,10,1,0,0,[0:1]: 0*0=0,0,0,11
12,features.25,0,0,0,11,1,0,0,[0:1]: 0*0=0,0,0,12
13,features.25,0,0,0,12,1,0,0,[0:1]: 0*0=0,0,0,13
14,features.25,0,0,0,13,1,0,0,[0:1]: 0*0=0,0,0,14
15,features.25,0,0,0,14,1,0,0,[0:1]: 0*0=0,0,0,15
16,features.25,0,0,0,15,1,0,0,[0:1]: 0*0=0,0,0,16
17,features.25,0,0,0,16,1,0,0,[0:1]: 0*0=0,0,0,17
18,features.25,0,0,0,17,1,0,0,[0:1]: 0*0=0,0,0,18
19,features.25,0,0,0,18,1,0,0,[0:1]: 0*0=0,0,0,19
20,features.25,0,0,0,19,1,0,0,[0:1]: 0*0=0,0,0,20
21,features.25,0,0,0,20,1,0,0,[0:1]: 0*0=0,0,0,21
22,features.25,0,0,0,21,1,0,0,[0:1]: 0*0=0,0,0,22
23,features.25,0,0,0,22,1,1,0,[0:1]: 0*1=0,0,0,23
24,features.25,0,0,0,23,1,1,0,[0:1]: 0*1=0,0,0,24
25,features.25,0,0,0,24,1,0,0,[0:1]: 0*0=0,0,0,25
26,features.25,0,0,0,25,1,0,0,[0:1]: 0*0=0,0,0,26
27,features.25,0,0,0,26,1,0,0,[0:1]: 0*0=0,0,0,27
28,features.25,0,0,0,27,1,0,0,[0:1]: 0*0=0,0,0,28
29,features.25,0,0,0,28,1,0,0,[0:1]: 0*0=0,0,0,29
30,features.25,0,0,0,29,1,0,0,[0:1]: 0*0=0,0,0,30
31,features.25,0,0,0,30,1,0,0,[0:1]: 0*0=0,0,0,31
32,features.25,0,0,0,31,1,0,0,[0:1]: 0*0=0,0,0,32
33,features.25,0,0,0,32,1,1,0,[0:1]: 0*1=0,0,0,33
34,features.25,0,0,0,33,1,0,0,[0:1]: 0*0=0,0,0,34
35,features.25,0,0,0,34,1,0,0,[0:1]: 0*0=0,0,0,35
36,features.25,0,0,0,35,1,0,0,[0:1]: 0*0=0,0,0,36
37,features.25,0,0,0,36,1,0,0,[0:1]: 0*0=0,0,0,37
38,features.25,0,0,0,37,1,0,0,[0:1]: 0*0=0,0,0,38
39,features.25,0,0,0,38,1,0,0,[0:1]: 0*0=0,0,0,39
40,features.25,0,0,0,39,1,0,0,[0:1]: 0*0=0,0,0,40
41,features.25,0,0,0,40,1,0,0,[0:1]: 0*0=0,0,0,41
42,features.25,0,0,0,41,1,0,0,[0:1]: 0*0=0,0,0,42
43,features.25,0,0,0,42,1,0,0,[0:1]: 0*0=0,0,0,43
44,features.25,0,0,0,43,1,0,0,[0:1]: 0*0=0,0,0,44
45,features.25,0,0,0,44,1,0,0,[0:1]: 0*0=0,0,0,45
46,features.25,0,0,0,45,1,0,0,[0:1]: 0*0=0,0,0,46
47,features.25,0,0,0,46,1,0,0,[0:1]: 0*0=0,0,0,47
48,features.25,0,0,0,47,1,0,0,[0:1]: 0*0=0,0,0,48
49,features.25,0,0,0,48,1,0,0,[0:1]: 0*0=0,0,0,49
50,features.25,0,0,0,49,1,1,0,[0:1]: 0*1=0,0,0,50
51,features.25,0,0,0,50,1,0,0,[0:1]: 0*0=0,0,0,51
52,features.25,0,0,0,51,1,0,0,[0:1]: 0*0=0,0,0,52
53,features.25,0,0,0,52,1,0,0,[0:1]: 0*0=0,0,0,53
54,features.25,0,0,0,53,1,0,0,[0:1]: 0*0=0,0,0,54
55,features.25,0,0,0,54,1,0,0,[0:1]: 0*0=0,0,0,55
56,features.25,0,0,0,55,1,0,0,[0:1]: 0*0=0,0,0,56
57,features.25,0,0,0,56,1,0,0,[0:1]: 0*0=0,0,0,57
58,features.25,0,0,0,57,1,0,0,[0:1]: 0*0=0,0,0,58
59,features.25,0,0,0,58,1,0,0,[0:1]: 0*0=0,0,0,59
60,features.25,0,0,0,59,1,0,0,[0:1]: 0*0=0,0,0,60
61,features.25,0,0,0,60,1,0,0,[0:1]: 0*0=0,0,0,61
62,features.25,0,0,0,61,1,0,0,[0:1]: 0*0=0,0,0,62
63,features.25,0,0,0,62,1,0,0,[0:1]: 0*0=0,0,0,63
64,features.25,0,0,0,63,1,0,0,[0:1]: 0*0=0,0,0,64
65,features.25,0,0,0,64,1,0,0,[0:1]: 0*0=0,0,0,65
66,features.25,0,0,0,65,1,0,0,[0:1]: 0*0=0,0,0,66
67,features.25,0,0,0,66,1,0,0,[0:1]: 0*0=0,0,0,67
68,features.25,0,0,0,67,1,0,0,[0:1]: 0*0=0,0,0,68
69,features.25,0,0,0,68,1,1,0,[0:1]: 0*1=0,0,0,69
70,features.25,0,0,0,69,1,0,0,[0:1]: 0*0=0,0,0,70
71,features.25,0,0,0,70,1,0,0,[0:1]: 0*0=0,0,0,71
72,features.25,0,0,0,71,1,1,1,[0:1]: 1*1=1,1,1,72
73,features.25,0,0,0,72,1,0,0,[0:1]: 0*0=0,1,1,73
74,features.25,0,0,0,73,1,0,0,[0:1]: 0*0=0,1,1,74
75,features.25,0,0,0,74,1,0,0,[0:1]: 0*0=0,1,1,75
76,features.25,0,0,0,75,1,0,0,[0:1]: 0*0=0,1,1,76
77,features.25,0,0,0,76,1,0,0,[0:1]: 0*0=0,1,1,77
78,features.25,0,0,0,77,1,0,0,[0:1]: 0*0=0,1,1,78
79,features.25,0,0,0,78,1,0,0,[0:1]: 0*0=0,1,1,79
80,features.25,0,0,0,79,1,0,0,[0:1]: 0*0=0,1,1,80
81,features.25,0,0,0,80,1,0,0,[0:1]: 0*0=0,1,1,81
82,features.25,0,0,0,81,1,0,0,[0:1]: 0*0=0,1,1,82
83,features.25,0,0,0,82,1,0,0,[0:1]: 0*0=0,1,1,83
84,features.25,0,0,0,83,1,0,0,[0:1]: 0*0=0,1,1,84
85,features.25,0,0,0,84,1,0,0,[0:1]: 0*0=0,1,1,85
86,features.25,0,0,0,85,1,0,0,[0:1]: 0*0=0,1,1,86
87,features.25,0,0,0,86,1,0,0,[0:1]: 0*0=0,1,1,87
88,features.25,0,0,0,87,1,0,0,[0:1]: 0*0=0,1,1,88
89,features.25,0,0,0,88,1,0,0,[0:1]: 0*0=0,1,1,89
90,features.25,0,0,0,89,1,0,0,[0:1]: 0*0=0,1,1,90
91,features.25,0,0,0,90,1,0,0,[0:1]: 0*0=0,1,1,91
92,features.25,0,0,0,91,1,0,0,[0:1]: 0*0=0,1,1,92
93,features.25,0,0,0,92,1,0,0,[0:1]: 0*0=0,1,1,93
94,features.25,0,0,0,93,1,0,0,[0:1]: 0*0=0,1,1,94
95,features.25,0,0,0,94,1,0,0,[0:1]: 0*0=0,1,1,95
96,features.25,0,0,0,95,1,0,0,[0:1]: 0*0=0,1,1,96
97,features.25,0,0,0,96,1,0,0,[0:1]: 0*0=0,1,1,97
98,features.25,0,0,0,97,1,0,0,[0:1]: 0*0=0,1,1,98
99,features.25,0,0,0,98,1,0,0,[0:1]: 0*0=0,1,1,99
100,features.25,0,0,0,99,1,0,0,[0:1]: 0*0=0,1,1,100
101,features.25,0,0,0,100,1,0,0,[0:1]: 0*0=0,1,1,101
102,features.25,0,0,0,101,1,0,0,[0:1]: 0*0=0,1,1,102
103,features.25,0,0,0,102,1,0,0,[0:1]: 0*0=0,1,1,103
104,features.25,0,0,0,103,1,0,0,[0:1]: 0*0=0,1,1,104
105,features.25,0,0,0,104,1,1,0,[0:1]: 0*1=0,1,1,105
106,features.25,0,0,0,105,1,0,0,[0:1]: 0*0=0,1,1,106
107,features.25,0,0,0,106,1,0,0,[0:1]: 0*0=0,1,1,107
108,features.25,0,0,0,107,1,0,0,[0:1]: 0*0=0,1,1,108
109,features.25,0,0,0,108,1,0,0,[0:1]: 0*0=0,1,1,109
110,features.25,0,0,0,109,1,0,0,[0:1]: 0*0=0,1,1,110
111,features.25,0,0,0,110,1,0,0,[0:1]: 0*0=0,1,1,111
112,features.25,0,0,0,111,1,0,0,[0:1]: 0*0=0,1,1,112
113,features.25,0,0,0,112,1,0,0,[0:1]: 0*0=0,1,1,113
114,features.25,0,0,0,113,1,0,0,[0:1]: 0*0=0,1,1,114
115,features.25,0,0,0,114,1,0,0,[0:1]: 0*0=0,1,1,115
116,features.25,0,0,0,115,1,0,0,[0:1]: 0*0=0,1,1,116
117,features.25,0,0,0,116,1,0,0,[0:1]: 0*0=0,1,1,117
118,features.25,0,0,0,117,1,0,0,[0:1]: 0*0=0,1,1,118
119,features.25,0,0,0,118,1,0,0,[0:1]: 0*0=0,1,1,119
120,features.25,0,0,0,119,1,0,0,[0:1]: 0*0=0,1,1,120
121,features.25,0,0,0,120,1,0,0,[0:1]: 0*0=0,1,1,121
122,features.25,0,0,0,121,1,0,0,[0:1]: 0*0=0,1,1,122
123,features.25,0,0,0,122,1,0,0,[0:1]: 0*0=0,1,1,123
124,features.25,0,0,0,123,1,0,0,[0:1]: 0*0=0,1,1,124
125,features.25,0,0,0,124,1,0,0,[0:1]: 0*0=0,1,1,125
126,features.25,0,0,0,125,1,0,0,[0:1]: 0*0=0,1,1,126
127,features.25,0,0,0,126,1,0,0,[0:1]: 0*0=0,1,1,127
128,features.25,0,0,0,127,1,0,0,[0:1]: 0*0=0,1,1,128
129,features.25,0,0,0,128,1,0,0,[0:1]: 0*0=0,1,1,129
130,features.25,0,0,0,129,1,0,0,[0:1]: 0*0=0,1,1,130
131,features.25,0,0,0,130,1,0,0,[0:1]: 0*0=0,1,1,131
132,features.25,0,0,0,131,1,0,0,[0:1]: 0*0=0,1,1,132
133,features.25,0,0,0,132,1,0,0,[0:1]: 0*0=0,1,1,133
134,features.25,0,0,0,133,1,0,0,[0:1]: 0*0=0,1,1,134
135,features.25,0,0,0,134,1,0,0,[0:1]: 0*0=0,1,1,135
136,features.25,0,0,0,135,1,0,0,[0:1]: 0*0=0,1,1,136
137,features.25,0,0,0,136,1,0,0,[0:1]: 0*0=0,1,1,137
138,features.25,0,0,0,137,1,0,0,[0:1]: 0*0=0,1,1,138
139,features.25,0,0,0,138,1,0,0,[0:1]: 0*0=0,1,1,139
140,features.25,0,0,0,139,1,0,0,[0:1]: 0*0=0,1,1,140
141,features.25,0,0,0,140,1,0,0,[0:1]: 0*0=0,1,1,141
142,features.25,0,0,0,141,1,0,0,[0:1]: 0*0=0,1,1,142
143,features.25,0,0,0,142,1,0,0,[0:1]: 0*0=0,1,1,143
144,features.25,0,0,0,143,1,0,0,[0:1]: 0*0=0,1,1,144
145,features.25,0,0,0,144,1,0,0,[0:1]: 0*0=0,1,1,145
146,features.25,0,0,0,145,1,0,0,[0:1]: 0*0=0,1,1,146
147,features.25,0,0,0,146,1,0,0,[0:1]: 0*0=0,1,1,147
148,features.25,0,0,0,147,1,0,0,[0:1]: 0*0=0,1,1,148
149,features.25,0,0,0,148,1,0,0,[0:1]: 0*0=0,1,1,149
150,features.25,0,0,0,149,1,0,0,[0:1]: 0*0=0,1,1,150
151,features.25,0,0,0,150,1,0,0,[0:1]: 0*0=0,1,1,151
152,features.25,0,0,0,151,1,0,0,[0:1]: 0*0=0,1,1,152
153,features.25,0,0,0,152,1,0,0,[0:1]: 0*0=0,1,1,153
154,features.25,0,0,0,153,1,0,0,[0:1]: 0*0=0,1,1,154
155,features.25,0,0,0,154,1,0,0,[0:1]: 0*0=0,1,1,155
156,features.25,0,0,0,155,1,0,0,[0:1]: 0*0=0,1,1,156
157,features.25,0,0,0,156,1,0,0,[0:1]: 0*0=0,1,1,157
158,features.25,0,0,0,157,1,0,0,[0:1]: 0*0=0,1,1,158
159,features.25,0,0,0,158,1,0,0,[0:1]: 0*0=0,1,1,159
160,features.25,0,0,0,159,1,0,0,[0:1]: 0*0=0,1,1,160
161,features.25,0,0,0,160,1,0,0,[0:1]: 0*0=0,1,1,161
162,features.25,0,0,0,161,1,0,0,[0:1]: 0*0=0,1,1,162
163,features.25,0,0,0,162,1,0,0,[0:1]: 0*0=0,1,1,163
164,features.25,0,0,0,163,1,0,0,[0:1]: 0*0=0,1,1,164
165,features.25,0,0,0,164,1,0,0,[0:1]: 0*0=0,1,1,165
166,features.25,0,0,0,165,1,0,0,[0:1]: 0*0=0,1,1,166
167,features.25,0,0,0,166,1,0,0,[0:1]: 0*0=0,1,1,167
168,features.25,0,0,0,167,1,0,0,[0:1]: 0*0=0,1,1,168
169,features.25,0,0,0,168,1,0,0,[0:1]: 0*0=0,1,1,169
170,features.25,0,0,0,169,1,0,0,[0:1]: 0*0=0,1,1,170
171,features.25,0,0,0,170,1,0,0,[0:1]: 0*0=0,1,1,171
172,features.25,0,0,0,171,1,0,0,[0:1]: 0*0=0,1,1,172
173,features.25,0,0,0,172,1,0,0,[0:1]: 0*0=0,1,1,173
174,features.25,0,0,0,173,1,0,0,[0:1]: 0*0=0,1,1,174
175,features.25,0,0,0,174,1,0,0,[0:1]: 0*0=0,1,1,175
176,features.25,0,0,0,175,1,0,0,[0:1]: 0*0=0,1,1,176
177,features.25,0,0,0,176,1,1,0,[0:1]: 0*1=0,1,1,177
178,features.25,0,0,0,177,1,0,0,[0:1]: 0*0=0,1,1,178
179,features.25,0,0,0,178,1,0,0,[0:1]: 0*0=0,1,1,179
180,features.25,0,0,0,179,1,1,0,[0:1]: 0*1=0,1,1,180
181,features.25,0,0,0,180,1,0,0,[0:1]: 0*0=0,1,1,181
1,classifier.0,0,0,0,0,1,0,-29,[0:7]: -29*0=0,0,0,1
2,classifier.0,0,0,0,1,1,56,-50,[0:7]: -50*56=-2800,-2800,-2800,2
3,classifier.0,0,0,0,2,1,0,-16,[0:7]: -16*0=0,-2800,-2800,3
4,classifier.0,0,0,0,3,1,40,44,[0:7]: 44*40=1760,-1040,-1040,4
5,classifier.0,0,0,0,4,1,0,-25,[0:7]: -25*0=0,-1040,-1040,5
6,classifier.0,0,0,0,5,1,52,30,[0:7]: 30*52=1560,520,520,6
7,classifier.0,0,0,0,6,1,0,5,[0:7]: 5*0=0,520,520,7
8,classifier.0,0,0,0,7,1,18,5,[0:7]: 5*18=90,610,610,8
9,classifier.0,0,0,0,8,1,63,-26,[0:7]: -26*63=-1638,-1028,-1028,9
10,classifier.0,0,0,0,9,1,88,-7,[0:7]: -7*88=-616,-1644,-1644,10
11,classifier.0,0,0,0,10,1,49,-15,[0:7]: -15*49=-735,-2379,-2379,11
12,classifier.0,0,0,0,11,1,15,45,[0:7]: 45*15=675,-1704,-1704,12
13,classifier.0,0,0,0,12,1,55,-46,[0:7]: -46*55=-2530,-4234,-4234,13
14,classifier.0,0,0,0,13,1,0,-30,[0:7]: -30*0=0,-4234,-4234,14
15,classifier.0,0,0,0,14,1,67,4,[0:7]: 4*67=268,-3966,-3966,15
16,classifier.0,0,0,0,15,1,89,-6,[0:7]: -6*89=-534,-4500,-4500,16
17,classifier.0,0,0,0,16,1,42,-13,[0:7]: -13*42=-546,-5046,-5046,17
18,classifier.0,0,0,0,17,1,86,-11,[0:7]: -11*86=-946,-5992,-5992,18
19,classifier.0,0,0,0,18,1,92,2,[0:7]: 2*92=184,-5808,-5808,19
20,classifier.0,0,0,0,19,1,15,-8,[0:7]: -8*15=-120,-5928,-5928,20
21,classifier.0,0,0,0,20,1,56,9,[0:7]: 9*56=504,-5424,-5424,21
22,classifier.0,0,0,0,21,1,38,-30,[0:7]: -30*38=-1140,-6564,-6564,22
23,classifier.0,0,0,0,22,1,10,-12,[0:7]: -12*10=-120,-6684,-6684,23
24,classifier.0,0,0,0,23,1,54,-8,[0:7]: -8*54=-432,-7116,-7116,24
25,classifier.0,0,0,0,24,1,47,24,[0:7]: 24*47=1128,-5988,-5988,25
26,classifier.0,0,0,0,25,1,0,10,[0:7]: 10*0=0,-5988,-5988,26
27,classifier.0,0,0,0,26,1,71,43,[0:7]: 43*71=3053,-2935,-2935,27
28,classifier.0,0,0,0,27,1,75,-18,[0:7]: -18*75=-1350,-4285,-4285,28
29,classifier.0,0,0,0,28,1,0,6,[0:7]: 6*0=0,-4285,-4285,29
30,classifier.0,0,0,0,29,1,0,-16,[0:7]: -16*0=0,-4285,-4285,30
31,classifier.0,0,0,0,30,1,86,20,[0:7]: 20*86=1720,-2565,-2565,31
32,classifier.0,0,0,0,31,1,37,1,[0:7]: 1*37=37,-2528,-2528,32
33,classifier.0,0,0,0,32,1,39,31,[0:7]: 31*39=1209,-1319,-1319,33
34,classifier.0,0,0,0,33,1,6,-18,[0:7]: -18*6=-108,-1427,-1427,34
35,classifier.0,0,0,0,34,1,0,-15,[0:7]: -15*0=0,-1427,-1427,35
36,classifier.0,0,0,0,35,1,10,-5,[0:7]: -5*10=-50,-1477,-1477,36
37,classifier.0,0,0,0,36,1,24,37,[0:7]: 37*24=888,-589,-589,37
38,classifier.0,0,0,0,37,1,47,2,[0:7]: 2*47=94,-495,-495,38
39,classifier.0,0,0,0,38,1,0,-24,[0:7]: -24*0=0,-495,-495,39
40,classifier.0,0,0,0,39,1,42,-20,[0:7]: -20*42=-840,-1335,-1335,40
41,classifier.0,0,0,0,40,1,19,-16,[0:7]: -16*19=-304,-1639,-1639,41
42,classifier.0,0,0,0,41,1,1,13,[0:7]: 13*1=13,-1626,-1626,42
43,classifier.0,0,0,0,42,1,47,-11,[0:7]: -11*47=-517,-2143,-2143,43
44,classifier.0,0,0,0,43,1,17,9,[0:7]: 9*17=153,-1990,-1990,44
45,classifier.0,0,0,0,44,1,60,-6,[0:7]: -6*60=-360,-2350,-2350,45
46,classifier.0,0,0,0,45,1,82,19,[0:7]: 19*82=1558,-792,-792,46
47,classifier.0,0,0,0,46,1,0,23,[0:7]: 23*0=0,-792,-792,47
48,classifier.0,0,0,0,47,1,0,18,[0:7]: 18*0=0,-792,-792,48
49,classifier.0,0,0,0,48,1,67,9,[0:7]: 9*67=603,-189,-189,49
50,classifier.0,0,0,0,49,1,84,-25,[0:7]: -25*84=-2100,-2289,-2289,50
51,classifier.0,0,0,0,50,1,71,-26,[0:7]: -26*71=-1846,-4135,-4135,51
52,classifier.0,0,0,0,51,1,8,12,[0:7]: 12*8=96,-4039,-4039,52
53,classifier.0,0,0,0,52,1,56,13,[0:7]: 13*56=728,-3311,-3311,53
54,classifier.0,0,0,0,53,1,11,-31,[0:7]: -31*11=-341,-3652,-3652,54
55,classifier.0,0,0,0,54,1,35,47,[0:7]: 47*35=1645,-2007,-2007,55
56,classifier.0,0,0,0,55,1,32,14,[0:7]: 14*32=448,-1559,-1559,56
57,classifier.0,0,0,0,56,1,0,25,[0:7]: 25*0=0,-1559,-1559,57
58,classifier.0,0,0,0,57,1,32,-59,[0:7]: -59*32=-1888,-3447,-3447,58
59,classifier.0,0,0,0,58,1,61,-15,[0:7]: -15*61=-915,-4362,-4362,59
60,classifier.0,0,0,0,59,1,0,-7,[0:7]: -7*0=0,-4362,-4362,60
61,classifier.0,0,0,0,60,1,60,-37,[0:7]: -37*60=-2220,-6582,-6582,61
62,classifier.0,0,0,0,61,1,30,10,[0:7]: 10*30=300,-6282,-6282,62
63,classifier.0,0,0,0,62,1,75,36,[0:7]: 36*75=2700,-3582,-3582,63
64,classifier.0,0,0,0,63,1,71,-26,[0:7]: -26*71=-1846,-5428,-5428,64
65,classifier.0,0,0,0,64,1,32,6,[0:7]: 6*32=192,-5236,-5236,65
66,classifier.0,0,0,0,65,1,28,15,[0:7]: 15*28=420,-4816,-4816,66
67,classifier.0,0,0,0,66,1,0,0,[0:7]: 0*0=0,-4816,-4816,67
68,classifier.0,0,0,0,67,1,27,-19,[0:7]: -19*27=-513,-5329,-5329,68
69,classifier.0,0,0,0,68,1,85,-18,[0:7]: -18*85=-1530,-6859,-6859,69
70,classifier.0,0,0,0,69,1,0,12,[0:7]: 12*0=0,-6859,-6859,70
71,classifier.0,0,0,0,70,1,8,-2,[0:7]: -2*8=-16,-6875,-6875,71
72,classifier.0,0,0,0,71,1,45,-35,[0:7]: -35*45=-1575,-8450,-8450,72
73,classifier.0,0,0,0,72,1,22,26,[0:7]: 26*22=572,-7878,-7878,73
74,classifier.0,0,0,0,73,1,52,45,[0:7]: 45*52=2340,-5538,-5538,74
75,classifier.0,0,0,0,74,1,0,-27,[0:7]: -27*0=0,-5538,-5538,75
76,classifier.0,0,0,0,75,1,83,-14,[0:7]: -14*83=-1162,-6700,-6700,76
77,classifier.0,0,0,0,76,1,62,32,[0:7]: 32*62=1984,-4716,-4716,77
78,classifier.0,0,0,0,77,1,19,-18,[0:7]: -18*19=-342,-5058,-5058,78
79,classifier.0,0,0,0,78,1,86,-22,[0:7]: -22*86=-1892,-6950,-6950,79
80,classifier.0,0,0,0,79,1,30,9,[0:7]: 9*30=270,-6680,-6680,80
81,classifier.0,0,0,0,80,1,7,-22,[0:7]: -22*7=-154,-6834,-6834,81
82,classifier.0,0,0,0,81,1,40,-2,[0:7]: -2*40=-80,-6914,-6914,82
83,classifier.0,0,0,0,82,1,41,-13,[0:7]: -13*41=-533,-7447,-7447,83
84,classifier.0,0,0,0,83,1,16,-3,[0:7]: -3*16=-48,-7495,-7495,84
85,classifier.0,0,0,0,84,1,0,15,[0:7]: 15*0=0,-7495,-7495,85
86,classifier.0,0,0,0,85,1,46,3,[0:7]: 3*46=138,-7357,-7357,86
87,classifier.0,0,0,0,86,1,0,13,[0:7]: 13*0=0,-7357,-7357,87
88,classifier.0,0,0,0,87,1,16,6,[0:7]: 6*16=96,-7261,-7261,88
89,classifier.0,0,0,0,88,1,21,-5,[0:7]: -5*21=-105,-7366,-7366,89
90,classifier.0,0,0,0,89,1,0,31,[0:7]: 31*0=0,-7366,-7366,90
91,classifier.0,0,0,0,90,1,0,-20,[0:7]: -20*0=0,-7366,-7366,91
92,classifier.0,0,0,0,91,1,23,0,[0:7]: 0*23=0,-7366,-7366,92
93,classifier.0,0,0,0,92,1,0,16,[0:7]: 16*0=0,-7366,-7366,93
94,classifier.0,0,0,0,93,1,43,32,[0:7]: 32*43=1376,-5990,-5990,94
95,classifier.0,0,0,0,94,1,60,9,[0:7]: 9*60=540,-5450,-5450,95
96,classifier.0,0,0,0,95,1,0,47,[0:7]: 47*0=0,-5450,-5450,96
97,classifier.0,0,0,0,96,1,82,-4,[0:7]: -4*82=-328,-5778,-5778,97
98,classifier.0,0,0,0,97,1,51,-16,[0:7]: -16*51=-816,-6594,-6594,98
99,classifier.0,0,0,0,98,1,5,28,[0:7]: 28*5=140,-6454,-6454,99
100,classifier.0,0,0,0,99,1,0,82,[0:7]: 82*0=0,-6454,-6454,100
101,classifier.0,0,0,0,100,1,52,-18,[0:7]: -18*52=-936,-7390,-7390,101
102,classifier.0,0,0,0,101,1,38,20,[0:7]: 20*38=760,-6630,-6630,102
103,classifier.0,0,0,0,102,1,68,31,[0:7]: 31*68=2108,-4522,-4522,103
104,classifier.0,0,0,0,103,1,52,25,[0:7]: 25*52=1300,-3222,-3222,104
105,classifier.0,0,0,0,104,1,12,21,[0:7]: 21*12=252,-2970,-2970,105
106,classifier.0,0,0,0,105,1,50,-23,[0:7]: -23*50=-1150,-4120,-4120,106
107,classifier.0,0,0,0,106,1,30,11,[0:7]: 11*30=330,-3790,-3790,107
108,classifier.0,0,0,0,107,1,29,22,[0:7]: 22*29=638,-3152,-3152,108
109,classifier.0,0,0,0,108,1,42,1,[0:7]: 1*42=42,-3110,-3110,109
110,classifier.0,0,0,0,109,1,2,-56,[0:7]: -56*2=-112,-3222,-3222,110
111,classifier.0,0,0,0,110,1,65,2,[0:7]: 2*65=130,-3092,-3092,111
112,classifier.0,0,0,0,111,1,54,41,[0:7]: 41*54=2214,-878,-878,112
113,classifier.0,0,0,0,112,1,10,33,[0:7]: 33*10=330,-548,-548,113
114,classifier.0,0,0,0,113,1,37,-13,[0:7]: -13*37=-481,-1029,-1029,114
115,classifier.0,0,0,0,114,1,95,-24,[0:7]: -24*95=-2280,-3309,-3309,115
116,classifier.0,0,0,0,115,1,34,11,[0:7]: 11*34=374,-2935,-2935,116
117,classifier.0,0,0,0,116,1,38,-63,[0:7]: -63*38=-2394,-5329,-5329,117
118,classifier.0,0,0,0,117,1,0,-23,[0:7]: -23*0=0,-5329,-5329,118
119,classifier.0,0,0,0,118,1,4,-4,[0:7]: -4*4=-16,-5345,-5345,119
120,classifier.0,0,0,0,119,1,61,4,[0:7]: 4*61=244,-5101,-5101,120
121,classifier.0,0,0,0,120,1,16,25,[0:7]: 25*16=400,-4701,-4701,121
122,classifier.0,0,0,0,121,1,69,-24,[0:7]: -24*69=-1656,-6357,-6357,122
123,classifier.0,0,0,0,122,1,47,35,[0:7]: 35*47=1645,-4712,-4712,123
124,classifier.0,0,0,0,123,1,53,-14,[0:7]: -14*53=-742,-5454,-5454,124
125,classifier.0,0,0,0,124,1,7,23,[0:7]: 23*7=161,-5293,-5293,125
126,classifier.0,0,0,0,125,1,38,-45,[0:7]: -45*38=-1710,-7003,-7003,126
127,classifier.0,0,0,0,126,1,29,31,[0:7]: 31*29=899,-6104,-6104,127
128,classifier.0,0,0,0,127,1,0,-18,[0:7]: -18*0=0,-6104,-6104,128
129,classifier.0,0,0,0,128,1,36,10,[0:7]: 10*36=360,-5744,-5744,129
130,classifier.0,0,0,0,129,1,39,52,[0:7]: 52*39=2028,-3716,-3716,130
131,classifier.0,0,0,0,130,1,46,-1,[0:7]: -1*46=-46,-3762,-3762,131
132,classifier.0,0,0,0,131,1,32,9,[0:7]: 9*32=288,-3474,-3474,132
133,classifier.0,0,0,0,132,1,18,-39,[0:7]: -39*18=-702,-4176,-4176,133
134,classifier.0,0,0,0,133,1,0,-18,[0:7]: -18*0=0,-4176,-4176,134
135,classifier.0,0,0,0,134,1,41,57,[0:7]: 57*41=2337,-1839,-1839,135
136,classifier.0,0,0,0,135,1,37,-3,[0:7]: -3*37=-111,-1950,-1950,136
137,classifier.0,0,0,0,136,1,35,46,[0:7]: 46*35=1610,-340,-340,137
138,classifier.0,0,0,0,137,1,86,-44,[0:7]: -44*86=-3784,-4124,-4124,138
139,classifier.0,0,0,0,138,1,41,27,[0:7]: 27*41=1107,-3017,-3017,139
140,classifier.0,0,0,0,139,1,44,-21,[0:7]: -21*44=-924,-3941,-3941,140
141,classifier.0,0,0,0,140,1,32,41,[0:7]: 41*32=1312,-2629,-2629,141
142,classifier.0,0,0,0,141,1,27,8,[0:7]: 8*27=216,-2413,-2413,142
143,classifier.0,0,0,0,142,1,4,37,[0:7]: 37*4=148,-2265,-2265,143
144,classifier.0,0,0,0,143,1,13,-4,[0:7]: -4*13=-52,-2317,-2317,144
145,classifier.0,0,0,0,144,1,23,-46,[0:7]: -46*23=-1058,-3375,-3375,145
146,classifier.0,0,0,0,145,1,22,-19,[0:7]: -19*22=-418,-3793,-3793,146
147,classifier.0,0,0,0,146,1,42,-3,[0:7]: -3*42=-126,-3919,-3919,147
148,classifier.0,0,0,0,147,1,74,2,[0:7]: 2*74=148,-3771,-3771,148
149,classifier.0,0,0,0,148,1,56,-17,[0:7]: -17*56=-952,-4723,-4723,149
150,classifier.0,0,0,0,149,1,47,-34,[0:7]: -34*47=-1598,-6321,-6321,150
151,classifier.0,0,0,0,150,1,0,-11,[0:7]: -11*0=0,-6321,-6321,151
152,classifier.0,0,0,0,151,1,39,23,[0:7]: 23*39=897,-5424,-5424,152
153,classifier.0,0,0,0,152,1,0,7,[0:7]: 7*0=0,-5424,-5424,153
154,classifier.0,0,0,0,153,1,59,12,[0:7]: 12*59=708,-4716,-4716,154
155,classifier.0,0,0,0,154,1,40,-3,[0:7]: -3*40=-120,-4836,-4836,155
156,classifier.0,0,0,0,155,1,21,-25,[0:7]: -25*21=-525,-5361,-5361,156
157,classifier.0,0,0,0,156,1,52,15,[0:7]: 15*52=780,-4581,-4581,157
158,classifier.0,0,0,0,157,1,25,-25,[0:7]: -25*25=-625,-5206,-5206,158
159,classifier.0,0,0,0,158,1,0,19,[0:7]: 19*0=0,-5206,-5206,159
160,classifier.0,0,0,0,159,1,62,17,[0:7]: 17*62=1054,-4152,-4152,160
161,classifier.0,0,0,0,160,1,52,-23,[0:7]: -23*52=-1196,-5348,-5348,161
162,classifier.0,0,0,0,161,1,10,11,[0:7]: 11*10=110,-5238,-5238,162
163,classifier.0,0,0,0,162,1,53,-33,[0:7]: -33*53=-1749,-6987,-6987,163
164,classifier.0,0,0,0,163,1,36,-13,[0:7]: -13*36=-468,-7455,-7455,164
165,classifier.0,0,0,0,164,1,25,-2,[0:7]: -2*25=-50,-7505,-7505,165
166,classifier.0,0,0,0,165,1,127,-10,[0:7]: -10*127=-1270,-8775,-8775,166
167,classifier.0,0,0,0,166,1,81,31,[0:7]: 31*81=2511,-6264,-6264,167
168,classifier.0,0,0,0,167,1,100,34,[0:7]: 34*100=3400,-2864,-2864,168
169,classifier.0,0,0,0,168,1,39,24,[0:7]: 24*39=936,-1928,-1928,169
170,classifier.0,0,0,0,169,1,22,-65,[0:7]: -65*22=-1430,-3358,-3358,170
171,classifier.0,0,0,0,170,1,3,-38,[0:7]: -38*3=-114,-3472,-3472,171
172,classifier.0,0,0,0,171,1,21,27,[0:7]: 27*21=567,-2905,-2905,172
173,classifier.0,0,0,0,172,1,0,-1,[0:7]: -1*0=0,-2905,-2905,173
174,classifier.0,0,0,0,173,1,91,21,[0:7]: 21*91=1911,-994,-994,174
175,classifier.0,0,0,0,174,1,51,-21,[0:7]: -21*51=-1071,-2065,-2065,175
176,classifier.0,0,0,0,175,1,67,-30,[0:7]: -30*67=-2010,-4075,-4075,176
177,classifier.0,0,0,0,176,1,76,-44,[0:7]: -44*76=-3344,-7419,-7419,177
178,classifier.0,0,0,0,177,1,54,-41,[0:7]: -41*54=-2214,-9633,-9633,178
179,classifier.0,0,0,0,178,1,29,-28,[0:7]: -28*29=-812,-10445,-10445,179
180,classifier.0,0,0,0,179,1,34,-7,[0:7]: -7*34=-238,-10683,-10683,180
181,classifier.0,0,0,0,180,1,70,-18,[0:7]: -18*70=-1260,-11943,-11943,181
1,classifier.3,0,0,0,0,1,0,0,[0:1]: 0*0=0,0,0,1
2,classifier.3,0,0,0,1,1,0,0,[0:1]: 0*0=0,0,0,2
3,classifier.3,0,0,0,2,1,0,0,[0:1]: 0*0=0,0,0,3
4,classifier.3,0,0,0,3,1,0,0,[0:1]: 0*0=0,0,0,4
5,classifier.3,0,0,0,4,1,0,0,[0:1]: 0*0=0,0,0,5
6,classifier.3,0,0,0,5,1,0,0,[0:1]: 0*0=0,0,0,6
7,classifier.3,0,0,0,6,1,0,0,[0:1]: 0*0=0,0,0,7
8,classifier.3,0,0,0,7,1,0,0,[0:1]: 0*0=0,0,0,8
9,classifier.3,0,0,0,8,1,0,0,[0:1]: 0*0=0,0,0,9
10,classifier.3,0,0,0,9,1,0,0,[0:1]: 0*0=0,0,0,10
11,classifier.3,0,0,0,10,1,0,0,[0:1]: 0*0=0,0,0,11
12,classifier.3,0,0,0,11,1,0,0,[0:1]: 0*0=0,0,0,12
13,classifier.3,0,0,0,12,1,0,0,[0:1]: 0*0=0,0,0,13
14,classifier.3,0,0,0,13,1,0,0,[0:1]: 0*0=0,0,0,14
15,classifier.3,0,0,0,14,1,0,0,[0:1]: 0*0=0,0,0,15
16,classifier.3,0,0,0,15,1,0,0,[0:1]: 0*0=0,0,0,16
17,classifier.3,0,0,0,16,1,0,0,[0:1]: 0*0=0,0,0,17
18,classifier.3,0,0,0,17,1,0,0,[0:1]: 0*0=0,0,0,18
19,classifier.3,0,0,0,18,1,0,0,[0:1]: 0*0=0,0,0,19
20,classifier.3,0,0,0,19,1,0,0,[0:1]: 0*0=0,0,0,20
21,classifier.3,0,0,0,20,1,0,0,[0:1]: 0*0=0,0,0,21
22,classifier.3,0,0,0,21,1,0,0,[0:1]: 0*0=0,0,0,22
23,classifier.3,0,0,0,22,1,0,0,[0:1]: 0*0=0,0,0,23
24,classifier.3,0,0,0,23,1,0,0,[0:1]: 0*0=0,0,0,24
25,classifier.3,0,0,0,24,1,0,0,[0:1]: 0*0=0,0,0,25
26,classifier.3,0,0,0,25,1,0,0,[0:1]: 0*0=0,0,0,26
27,classifier.3,0,0,0,26,1,0,0,[0:1]: 0*0=0,0,0,27
28,classifier.3,0,0,0,27,1,0,0,[0:1]: 0*0=0,0,0,28
29,classifier.3,0,0,0,28,1,0,0,[0:1]: 0*0=0,0,0,29
30,classifier.3,0,0,0,29,1,0,0,[0:1]: 0*0=0,0,0,30
31,classifier.3,0,0,0,30,1,0,0,[0:1]: 0*0=0,0,0,31
32,classifier.3,0,0,0,31,1,0,0,[0:1]: 0*0=0,0,0,32
33,classifier.3,0,0,0,32,1,0,0,[0:1]: 0*0=0,0,0,33
34,classifier.3,0,0,0,33,1,0,0,[0:1]: 0*0=0,0,0,34
35,classifier.3,0,0,0,34,1,0,0,[0:1]: 0*0=0,0,0,35
36,classifier.3,0,0,0,35,1,0,0,[0:1]: 0*0=0,0,0,36
37,classifier.3,0,0,0,36,1,0,0,[0:1]: 0*0=0,0,0,37
38,classifier.3,0,0,0,37,1,0,0,[0:1]: 0*0=0,0,0,38
39,classifier.3,0,0,0,38,1,0,0,[0:1]: 0*0=0,0,0,39
40,classifier.3,0,0,0,39,1,0,0,[0:1]: 0*0=0,0,0,40
41,classifier.3,0,0,0,40,1,0,0,[0:1]: 0*0=0,0,0,41
42,classifier.3,0,0,0,41,1,0,0,[0:1]: 0*0=0,0,0,42
43,classifier.3,0,0,0,42,1,0,0,[0:1]: 0*0=0,0,0,43
44,classifier.3,0,0,0,43,1,0,0,[0:1]: 0*0=0,0,0,44
45,classifier.3,0,0,0,44,1,0,0,[0:1]: 0*0=0,0,0,45
46,classifier.3,0,0,0,45,1,0,0,[0:1]: 0*0=0,0,0,46
47,classifier.3,0,0,0,46,1,0,0,[0:1]: 0*0=0,0,0,47
48,classifier.3,0,0,0,47,1,0,0,[0:1]: 0*0=0,0,0,48
49,classifier.3,0,0,0,48,1,1,0,[0:1]: 0*1=0,0,0,49
50,classifier.3,0,0,0,49,1,0,0,[0:1]: 0*0=0,0,0,50
51,classifier.3,0,0,0,50,1,0,0,[0:1]: 0*0=0,0,0,51
52,classifier.3,0,0,0,51,1,0,0,[0:1]: 0*0=0,0,0,52
53,classifier.3,0,0,0,52,1,0,0,[0:1]: 0*0=0,0,0,53
54,classifier.3,0,0,0,53,1,0,0,[0:1]: 0*0=0,0,0,54
55,classifier.3,0,0,0,54,1,0,0,[0:1]: 0*0=0,0,0,55
56,classifier.3,0,0,0,55,1,0,0,[0:1]: 0*0=0,0,0,56
57,classifier.3,0,0,0,56,1,0,0,[0:1]: 0*0=0,0,0,57
58,classifier.3,0,0,0,57,1,0,0,[0:1]: 0*0=0,0,0,58
59,classifier.3,0,0,0,58,1,0,0,[0:1]: 0*0=0,0,0,59
60,classifier.3,0,0,0,59,1,0,0,[0:1]: 0*0=0,0,0,60
61,classifier.3,0,0,0,60,1,0,0,[0:1]: 0*0=0,0,0,61
62,classifier.3,0,0,0,61,1,0,0,[0:1]: 0*0=0,0,0,62
63,classifier.3,0,0,0,62,1,0,0,[0:1]: 0*0=0,0,0,63
64,classifier.3,0,0,0,63,1,0,0,[0:1]: 0*0=0,0,0,64
65,classifier.3,0,0,0,64,1,0,0,[0:1]: 0*0=0,0,0,65
66,classifier.3,0,0,0,65,1,0,0,[0:1]: 0*0=0,0,0,66
67,classifier.3,0,0,0,66,1,0,0,[0:1]: 0*0=0,0,0,67
68,classifier.3,0,0,0,67,1,0,0,[0:1]: 0*0=0,0,0,68
69,classifier.3,0,0,0,68,1,0,0,[0:1]: 0*0=0,0,0,69
70,classifier.3,0,0,0,69,1,0,0,[0:1]: 0*0=0,0,0,70
71,classifier.3,0,0,0,70,1,0,0,[0:1]: 0*0=0,0,0,71
72,classifier.3,0,0,0,71,1,0,0,[0:1]: 0*0=0,0,0,72
73,classifier.3,0,0,0,72,1,0,0,[0:1]: 0*0=0,0,0,73
74,classifier.3,0,0,0,73,1,0,0,[0:1]: 0*0=0,0,0,74
75,classifier.3,0,0,0,74,1,0,0,[0:1]: 0*0=0,0,0,75
76,classifier.3,0,0,0,75,1,0,0,[0:1]: 0*0=0,0,0,76
77,classifier.3,0,0,0,76,1,0,0,[0:1]: 0*0=0,0,0,77
78,classifier.3,0,0,0,77,1,0,0,[0:1]: 0*0=0,0,0,78
79,classifier.3,0,0,0,78,1,0,0,[0:1]: 0*0=0,0,0,79
80,classifier.3,0,0,0,79,1,0,0,[0:1]: 0*0=0,0,0,80
81,classifier.3,0,0,0,80,1,0,-1,[0:1]: -1*0=0,0,0,81
82,classifier.3,0,0,0,81,1,0,0,[0:1]: 0*0=0,0,0,82
83,classifier.3,0,0,0,82,1,0,0,[0:1]: 0*0=0,0,0,83
84,classifier.3,0,0,0,83,1,0,0,[0:1]: 0*0=0,0,0,84
85,classifier.3,0,0,0,84,1,0,0,[0:1]: 0*0=0,0,0,85
86,classifier.3,0,0,0,85,1,0,0,[0:1]: 0*0=0,0,0,86
87,classifier.3,0,0,0,86,1,0,0,[0:1]: 0*0=0,0,0,87
88,classifier.3,0,0,0,87,1,0,0,[0:1]: 0*0=0,0,0,88
89,classifier.3,0,0,0,88,1,0,0,[0:1]: 0*0=0,0,0,89
90,classifier.3,0,0,0,89,1,0,0,[0:1]: 0*0=0,0,0,90
91,classifier.3,0,0,0,90,1,0,0,[0:1]: 0*0=0,0,0,91
92,classifier.3,0,0,0,91,1,0,0,[0:1]: 0*0=0,0,0,92
93,classifier.3,0,0,0,92,1,0,0,[0:1]: 0*0=0,0,0,93
94,classifier.3,0,0,0,93,1,0,0,[0:1]: 0*0=0,0,0,94
95,classifier.3,0,0,0,94,1,0,0,[0:1]: 0*0=0,0,0,95
96,classifier.3,0,0,0,95,1,0,0,[0:1]: 0*0=0,0,0,96
97,classifier.3,0,0,0,96,1,0,0,[0:1]: 0*0=0,0,0,97
98,classifier.3,0,0,0,97,1,0,0,[0:1]: 0*0=0,0,0,98
99,classifier.3,0,0,0,98,1,0,0,[0:1]: 0*0=0,0,0,99
100,classifier.3,0,0,0,99,1,0,0,[0:1]: 0*0=0,0,0,100
101,classifier.3,0,0,0,100,1,0,0,[0:1]: 0*0=0,0,0,101
102,classifier.3,0,0,0,101,1,0,0,[0:1]: 0*0=0,0,0,102
103,classifier.3,0,0,0,102,1,0,0,[0:1]: 0*0=0,0,0,103
104,classifier.3,0,0,0,103,1,0,0,[0:1]: 0*0=0,0,0,104
105,classifier.3,0,0,0,104,1,0,0,[0:1]: 0*0=0,0,0,105
106,classifier.3,0,0,0,105,1,0,0,[0:1]: 0*0=0,0,0,106
107,classifier.3,0,0,0,106,1,0,1,[0:1]: 1*0=0,0,0,107
108,classifier.3,0,0,0,107,1,0,0,[0:1]: 0*0=0,0,0,108
109,classifier.3,0,0,0,108,1,1,0,[0:1]: 0*1=0,0,0,109
110,classifier.3,0,0,0,109,1,0,0,[0:1]: 0*0=0,0,0,110
111,classifier.3,0,0,0,110,1,0,0,[0:1]: 0*0=0,0,0,111
112,classifier.3,0,0,0,111,1,0,0,[0:1]: 0*0=0,0,0,112
113,classifier.3,0,0,0,112,1,0,0,[0:1]: 0*0=0,0,0,113
114,classifier.3,0,0,0,113,1,0,0,[0:1]: 0*0=0,0,0,114
115,classifier.3,0,0,0,114,1,0,0,[0:1]: 0*0=0,0,0,115
116,classifier.3,0,0,0,115,1,0,0,[0:1]: 0*0=0,0,0,116
117,classifier.3,0,0,0,116,1,0,0,[0:1]: 0*0=0,0,0,117
118,classifier.3,0,0,0,117,1,0,0,[0:1]: 0*0=0,0,0,118
119,classifier.3,0,0,0,118,1,0,0,[0:1]: 0*0=0,0,0,119
120,classifier.3,0,0,0,119,1,0,0,[0:1]: 0*0=0,0,0,120
121,classifier.3,0,0,0,120,1,0,0,[0:1]: 0*0=0,0,0,121
122,classifier.3,0,0,0,121,1,0,0,[0:1]: 0*0=0,0,0,122
123,classifier.3,0,0,0,122,1,1,0,[0:1]: 0*1=0,0,0,123
124,classifier.3,0,0,0,123,1,0,0,[0:1]: 0*0=0,0,0,124
125,classifier.3,0,0,0,124,1,1,0,[0:1]: 0*1=0,0,0,125
126,classifier.3,0,0,0,125,1,0,0,[0:1]: 0*0=0,0,0,126
127,classifier.3,0,0,0,126,1,0,0,[0:1]: 0*0=0,0,0,127
128,classifier.3,0,0,0,127,1,0,0,[0:1]: 0*0=0,0,0,128
129,classifier.3,0,0,0,128,1,0,0,[0:1]: 0*0=0,0,0,129
130,classifier.3,0,0,0,129,1,0,0,[0:1]: 0*0=0,0,0,130
131,classifier.3,0,0,0,130,1,0,0,[0:1]: 0*0=0,0,0,131
132,classifier.3,0,0,0,131,1,1,0,[0:1]: 0*1=0,0,0,132
133,classifier.3,0,0,0,132,1,0,0,[0:1]: 0*0=0,0,0,133
134,classifier.3,0,0,0,133,1,0,0,[0:1]: 0*0=0,0,0,134
135,classifier.3,0,0,0,134,1,0,0,[0:1]: 0*0=0,0,0,135
136,classifier.3,0,0,0,135,1,0,0,[0:1]: 0*0=0,0,0,136
137,classifier.3,0,0,0,136,1,0,0,[0:1]: 0*0=0,0,0,137
138,classifier.3,0,0,0,137,1,0,0,[0:1]: 0*0=0,0,0,138
139,classifier.3,0,0,0,138,1,0,0,[0:1]: 0*0=0,0,0,139
140,classifier.3,0,0,0,139,1,0,0,[0:1]: 0*0=0,0,0,140
141,classifier.3,0,0,0,140,1,0,0,[0:1]: 0*0=0,0,0,141
142,classifier.3,0,0,0,141,1,0,0,[0:1]: 0*0=0,0,0,142
143,classifier.3,0,0,0,142,1,0,0,[0:1]: 0*0=0,0,0,143
144,classifier.3,0,0,0,143,1,0,0,[0:1]: 0*0=0,0,0,144
145,classifier.3,0,0,0,144,1,0,0,[0:1]: 0*0=0,0,0,145
146,classifier.3,0,0,0,145,1,0,0,[0:1]: 0*0=0,0,0,146
147,classifier.3,0,0,0,146,1,0,0,[0:1]: 0*0=0,0,0,147
148,classifier.3,0,0,0,147,1,0,0,[0:1]: 0*0=0,0,0,148
149,classifier.3,0,0,0,148,1,0,0,[0:1]: 0*0=0,0,0,149
150,classifier.3,0,0,0,149,1,0,0,[0:1]: 0*0=0,0,0,150
151,classifier.3,0,0,0,150,1,0,0,[0:1]: 0*0=0,0,0,151
152,classifier.3,0,0,0,151,1,0,0,[0:1]: 0*0=0,0,0,152
153,classifier.3,0,0,0,152,1,0,0,[0:1]: 0*0=0,0,0,153
154,classifier.3,0,0,0,153,1,0,0,[0:1]: 0*0=0,0,0,154
155,classifier.3,0,0,0,154,1,0,0,[0:1]: 0*0=0,0,0,155
156,classifier.3,0,0,0,155,1,0,0,[0:1]: 0*0=0,0,0,156
157,classifier.3,0,0,0,156,1,0,0,[0:1]: 0*0=0,0,0,157
158,classifier.3,0,0,0,157,1,0,0,[0:1]: 0*0=0,0,0,158
159,classifier.3,0,0,0,158,1,0,0,[0:1]: 0*0=0,0,0,159
160,classifier.3,0,0,0,159,1,0,0,[0:1]: 0*0=0,0,0,160
161,classifier.3,0,0,0,160,1,0,0,[0:1]: 0*0=0,0,0,161
162,classifier.3,0,0,0,161,1,0,0,[0:1]: 0*0=0,0,0,162
163,classifier.3,0,0,0,162,1,0,0,[0:1]: 0*0=0,0,0,163
164,classifier.3,0,0,0,163,1,0,0,[0:1]: 0*0=0,0,0,164
165,classifier.3,0,0,0,164,1,0,0,[0:1]: 0*0=0,0,0,165
166,classifier.3,0,0,0,165,1,0,0,[0:1]: 0*0=0,0,0,166
167,classifier.3,0,0,0,166,1,0,0,[0:1]: 0*0=0,0,0,167
168,classifier.3,0,0,0,167,1,0,0,[0:1]: 0*0=0,0,0,168
169,classifier.3,0,0,0,168,1,0,0,[0:1]: 0*0=0,0,0,169
170,classifier.3,0,0,0,169,1,0,0,[0:1]: 0*0=0,0,0,170
171,classifier.3,0,0,0,170,1,0,0,[0:1]: 0*0=0,0,0,171
172,classifier.3,0,0,0,171,1,0,0,[0:1]: 0*0=0,0,0,172
173,classifier.3,0,0,0,172,1,0,0,[0:1]: 0*0=0,0,0,173
174,classifier.3,0,0,0,173,1,0,0,[0:1]: 0*0=0,0,0,174
175,classifier.3,0,0,0,174,1,0,0,[0:1]: 0*0=0,0,0,175
176,classifier.3,0,0,0,175,1,0,0,[0:1]: 0*0=0,0,0,176
177,classifier.3,0,0,0,176,1,0,0,[0:1]: 0*0=0,0,0,177
178,classifier.3,0,0,0,177,1,0,0,[0:1]: 0*0=0,0,0,178
179,classifier.3,0,0,0,178,1,0,0,[0:1]: 0*0=0,0,0,179
180,classifier.3,0,0,0,179,1,0,0,[0:1]: 0*0=0,0,0,180
181,classifier.3,0,0,0,180,1,0,0,[0:1]: 0*0=0,0,0,181
1,classifier.6,0,0,0,0,1,0,17,[0:7]: 17*0=0,0,0,1
2,classifier.6,0,0,0,1,1,0,9,[0:7]: 9*0=0,0,0,2
3,classifier.6,0,0,0,2,1,14,0,[0:7]: 0*14=0,0,0,3
4,classifier.6,0,0,0,3,1,0,50,[0:7]: 50*0=0,0,0,4
5,classifier.6,0,0,0,4,1,0,-10,[0:7]: -10*0=0,0,0,5
6,classifier.6,0,0,0,5,1,50,63,[0:7]: 63*50=3150,3150,3150,6
7,classifier.6,0,0,0,6,1,0,25,[0:7]: 25*0=0,3150,3150,7
8,classifier.6,0,0,0,7,1,0,-32,[0:7]: -32*0=0,3150,3150,8
9,classifier.6,0,0,0,8,1,0,19,[0:7]: 19*0=0,3150,3150,9
10,classifier.6,0,0,0,9,1,0,-14,[0:7]: -14*0=0,3150,3150,10
11,classifier.6,0,0,0,10,1,0,0,[0:7]: 0*0=0,3150,3150,11
12,classifier.6,0,0,0,11,1,63,-15,[0:7]: -15*63=-945,2205,2205,12
13,classifier.6,0,0,0,12,1,43,-14,[0:7]: -14*43=-602,1603,1603,13
14,classifier.6,0,0,0,13,1,26,27,[0:7]: 27*26=702,2305,2305,14
15,classifier.6,0,0,0,14,1,46,26,[0:7]: 26*46=1196,3501,3501,15
16,classifier.6,0,0,0,15,1,22,17,[0:7]: 17*22=374,3875,3875,16
17,classifier.6,0,0,0,16,1,0,23,[0:7]: 23*0=0,3875,3875,17
18,classifier.6,0,0,0,17,1,19,-26,[0:7]: -26*19=-494,3381,3381,18
19,classifier.6,0,0,0,18,1,30,43,[0:7]: 43*30=1290,4671,4671,19
20,classifier.6,0,0,0,19,1,0,-7,[0:7]: -7*0=0,4671,4671,20
21,classifier.6,0,0,0,20,1,0,-2,[0:7]: -2*0=0,4671,4671,21
22,classifier.6,0,0,0,21,1,0,-8,[0:7]: -8*0=0,4671,4671,22
23,classifier.6,0,0,0,22,1,24,15,[0:7]: 15*24=360,5031,5031,23
24,classifier.6,0,0,0,23,1,0,35,[0:7]: 35*0=0,5031,5031,24
25,classifier.6,0,0,0,24,1,0,36,[0:7]: 36*0=0,5031,5031,25
26,classifier.6,0,0,0,25,1,2,-8,[0:7]: -8*2=-16,5015,5015,26
27,classifier.6,0,0,0,26,1,22,-2,[0:7]: -2*22=-44,4971,4971,27
28,classifier.6,0,0,0,27,1,13,60,[0:7]: 60*13=780,5751,5751,28
29,classifier.6,0,0,0,28,1,0,45,[0:7]: 45*0=0,5751,5751,29
30,classifier.6,0,0,0,29,1,12,28,[0:7]: 28*12=336,6087,6087,30
31,classifier.6,0,0,0,30,1,12,-11,[0:7]: -11*12=-132,5955,5955,31
32,classifier.6,0,0,0,31,1,0,-29,[0:7]: -29*0=0,5955,5955,32
33,classifier.6,0,0,0,32,1,45,-40,[0:7]: -40*45=-1800,4155,4155,33
34,classifier.6,0,0,0,33,1,34,-11,[0:7]: -11*34=-374,3781,3781,34
35,classifier.6,0,0,0,34,1,25,-24,[0:7]: -24*25=-600,3181,3181,35
36,classifier.6,0,0,0,35,1,26,29,[0:7]: 29*26=754,3935,3935,36
37,classifier.6,0,0,0,36,1,59,-18,[0:7]: -18*59=-1062,2873,2873,37
38,classifier.6,0,0,0,37,1,38,-36,[0:7]: -36*38=-1368,1505,1505,38
39,classifier.6,0,0,0,38,1,21,14,[0:7]: 14*21=294,1799,1799,39
40,classifier.6,0,0,0,39,1,25,-10,[0:7]: -10*25=-250,1549,1549,40
41,classifier.6,0,0,0,40,1,50,33,[0:7]: 33*50=1650,3199,3199,41
42,classifier.6,0,0,0,41,1,28,15,[0:7]: 15*28=420,3619,3619,42
43,classifier.6,0,0,0,42,1,4,-62,[0:7]: -62*4=-248,3371,3371,43
44,classifier.6,0,0,0,43,1,9,26,[0:7]: 26*9=234,3605,3605,44
45,classifier.6,0,0,0,44,1,2,-43,[0:7]: -43*2=-86,3519,3519,45
46,classifier.6,0,0,0,45,1,37,20,[0:7]: 20*37=740,4259,4259,46
47,classifier.6,0,0,0,46,1,0,-24,[0:7]: -24*0=0,4259,4259,47
48,classifier.6,0,0,0,47,1,0,11,[0:7]: 11*0=0,4259,4259,48
49,classifier.6,0,0,0,48,1,40,21,[0:7]: 21*40=840,5099,5099,49
50,classifier.6,0,0,0,49,1,17,-23,[0:7]: -23*17=-391,4708,4708,50
51,classifier.6,0,0,0,50,1,0,-12,[0:7]: -12*0=0,4708,4708,51
52,classifier.6,0,0,0,51,1,0,7,[0:7]: 7*0=0,4708,4708,52
53,classifier.6,0,0,0,52,1,0,11,[0:7]: 11*0=0,4708,4708,53
54,classifier.6,0,0,0,53,1,0,55,[0:7]: 55*0=0,4708,4708,54
55,classifier.6,0,0,0,54,1,0,35,[0:7]: 35*0=0,4708,4708,55
56,classifier.6,0,0,0,55,1,0,-42,[0:7]: -42*0=0,4708,4708,56
57,classifier.6,0,0,0,56,1,0,39,[0:7]: 39*0=0,4708,4708,57
58,classifier.6,0,0,0,57,1,0,24,[0:7]: 24*0=0,4708,4708,58
59,classifier.6,0,0,0,58,1,0,14,[0:7]: 14*0=0,4708,4708,59
60,classifier.6,0,0,0,59,1,0,-16,[0:7]: -16*0=0,4708,4708,60
61,classifier.6,0,0,0,60,1,0,50,[0:7]: 50*0=0,4708,4708,61
62,classifier.6,0,0,0,61,1,48,4,[0:7]: 4*48=192,4900,4900,62
63,classifier.6,0,0,0,62,1,0,-15,[0:7]: -15*0=0,4900,4900,63
64,classifier.6,0,0,0,63,1,0,-44,[0:7]: -44*0=0,4900,4900,64
65,classifier.6,0,0,0,64,1,48,-5,[0:7]: -5*48=-240,4660,4660,65
66,classifier.6,0,0,0,65,1,42,-13,[0:7]: -13*42=-546,4114,4114,66
67,classifier.6,0,0,0,66,1,40,-42,[0:7]: -42*40=-1680,2434,2434,67
68,classifier.6,0,0,0,67,1,14,15,[0:7]: 15*14=210,2644,2644,68
69,classifier.6,0,0,0,68,1,0,-31,[0:7]: -31*0=0,2644,2644,69
70,classifier.6,0,0,0,69,1,15,42,[0:7]: 42*15=630,3274,3274,70
71,classifier.6,0,0,0,70,1,14,-54,[0:7]: -54*14=-756,2518,2518,71
72,classifier.6,0,0,0,71,1,0,-37,[0:7]: -37*0=0,2518,2518,72
73,classifier.6,0,0,0,72,1,91,-34,[0:7]: -34*91=-3094,-576,-576,73
74,classifier.6,0,0,0,73,1,20,-22,[0:7]: -22*20=-440,-1016,-1016,74
75,classifier.6,0,0,0,74,1,20,21,[0:7]: 21*20=420,-596,-596,75
76,classifier.6,0,0,0,75,1,14,63,[0:7]: 63*14=882,286,286,76
77,classifier.6,0,0,0,76,1,0,-21,[0:7]: -21*0=0,286,286,77
78,classifier.6,0,0,0,77,1,14,11,[0:7]: 11*14=154,440,440,78
79,classifier.6,0,0,0,78,1,15,9,[0:7]: 9*15=135,575,575,79
80,classifier.6,0,0,0,79,1,0,-2,[0:7]: -2*0=0,575,575,80
81,classifier.6,0,0,0,80,1,0,-25,[0:7]: -25*0=0,575,575,81
82,classifier.6,0,0,0,81,1,0,34,[0:7]: 34*0=0,575,575,82
83,classifier.6,0,0,0,82,1,0,-46,[0:7]: -46*0=0,575,575,83
84,classifier.6,0,0,0,83,1,0,2,[0:7]: 2*0=0,575,575,84
85,classifier.6,0,0,0,84,1,89,-6,[0:7]: -6*89=-534,41,41,85
86,classifier.6,0,0,0,85,1,18,-36,[0:7]: -36*18=-648,-607,-607,86
87,classifier.6,0,0,0,86,1,30,-35,[0:7]: -35*30=-1050,-1657,-1657,87
88,classifier.6,0,0,0,87,1,0,12,[0:7]: 12*0=0,-1657,-1657,88
89,classifier.6,0,0,0,88,1,24,8,[0:7]: 8*24=192,-1465,-1465,89
90,classifier.6,0,0,0,89,1,0,33,[0:7]: 33*0=0,-1465,-1465,90
91,classifier.6,0,0,0,90,1,0,38,[0:7]: 38*0=0,-1465,-1465,91
92,classifier.6,0,0,0,91,1,38,-25,[0:7]: -25*38=-950,-2415,-2415,92
93,classifier.6,0,0,0,92,1,5,-32,[0:7]: -32*5=-160,-2575,-2575,93
94,classifier.6,0,0,0,93,1,10,10,[0:7]: 10*10=100,-2475,-2475,94
95,classifier.6,0,0,0,94,1,0,-49,[0:7]: -49*0=0,-2475,-2475,95
96,classifier.6,0,0,0,95,1,0,43,[0:7]: 43*0=0,-2475,-2475,96
97,classifier.6,0,0,0,96,1,0,29,[0:7]: 29*0=0,-2475,-2475,97
98,classifier.6,0,0,0,97,1,52,23,[0:7]: 23*52=1196,-1279,-1279,98
99,classifier.6,0,0,0,98,1,15,-19,[0:7]: -19*15=-285,-1564,-1564,99
100,classifier.6,0,0,0,99,1,11,-6,[0:7]: -6*11=-66,-1630,-1630,100
101,classifier.6,0,0,0,100,1,0,14,[0:7]: 14*0=0,-1630,-1630,101
102,classifier.6,0,0,0,101,1,53,6,[0:7]: 6*53=318,-1312,-1312,102
103,classifier.6,0,0,0,102,1,0,-14,[0:7]: -14*0=0,-1312,-1312,103
104,classifier.6,0,0,0,103,1,0,18,[0:7]: 18*0=0,-1312,-1312,104
105,classifier.6,0,0,0,104,1,10,39,[0:7]: 39*10=390,-922,-922,105
106,classifier.6,0,0,0,105,1,13,-6,[0:7]: -6*13=-78,-1000,-1000,106
107,classifier.6,0,0,0,106,1,31,52,[0:7]: 52*31=1612,612,612,107
108,classifier.6,0,0,0,107,1,0,-16,[0:7]: -16*0=0,612,612,108
109,classifier.6,0,0,0,108,1,5,0,[0:7]: 0*5=0,612,612,109
110,classifier.6,0,0,0,109,1,0,20,[0:7]: 20*0=0,612,612,110
111,classifier.6,0,0,0,110,1,34,18,[0:7]: 18*34=612,1224,1224,111
112,classifier.6,0,0,0,111,1,20,-3,[0:7]: -3*20=-60,1164,1164,112
113,classifier.6,0,0,0,112,1,68,20,[0:7]: 20*68=1360,2524,2524,113
114,classifier.6,0,0,0,113,1,19,-17,[0:7]: -17*19=-323,2201,2201,114
115,classifier.6,0,0,0,114,1,0,2,[0:7]: 2*0=0,2201,2201,115
116,classifier.6,0,0,0,115,1,4,30,[0:7]: 30*4=120,2321,2321,116
117,classifier.6,0,0,0,116,1,36,-9,[0:7]: -9*36=-324,1997,1997,117
118,classifier.6,0,0,0,117,1,0,-40,[0:7]: -40*0=0,1997,1997,118
119,classifier.6,0,0,0,118,1,32,-2,[0:7]: -2*32=-64,1933,1933,119
120,classifier.6,0,0,0,119,1,19,-27,[0:7]: -27*19=-513,1420,1420,120
121,classifier.6,0,0,0,120,1,13,-8,[0:7]: -8*13=-104,1316,1316,121
122,classifier.6,0,0,0,121,1,5,36,[0:7]: 36*5=180,1496,1496,122
123,classifier.6,0,0,0,122,1,51,56,[0:7]: 56*51=2856,4352,4352,123
124,classifier.6,0,0,0,123,1,0,-28,[0:7]: -28*0=0,4352,4352,124
125,classifier.6,0,0,0,124,1,29,-15,[0:7]: -15*29=-435,3917,3917,125
126,classifier.6,0,0,0,125,1,14,-17,[0:7]: -17*14=-238,3679,3679,126
127,classifier.6,0,0,0,126,1,29,-59,[0:7]: -59*29=-1711,1968,1968,127
128,classifier.6,0,0,0,127,1,0,-23,[0:7]: -23*0=0,1968,1968,128
129,classifier.6,0,0,0,128,1,85,22,[0:7]: 22*85=1870,3838,3838,129
130,classifier.6,0,0,0,129,1,41,32,[0:7]: 32*41=1312,5150,5150,130
131,classifier.6,0,0,0,130,1,7,-37,[0:7]: -37*7=-259,4891,4891,131
132,classifier.6,0,0,0,131,1,41,43,[0:7]: 43*41=1763,6654,6654,132
133,classifier.6,0,0,0,132,1,0,-13,[0:7]: -13*0=0,6654,6654,133
134,classifier.6,0,0,0,133,1,0,6,[0:7]: 6*0=0,6654,6654,134
135,classifier.6,0,0,0,134,1,28,35,[0:7]: 35*28=980,7634,7634,135
136,classifier.6,0,0,0,135,1,29,-7,[0:7]: -7*29=-203,7431,7431,136
137,classifier.6,0,0,0,136,1,8,-28,[0:7]: -28*8=-224,7207,7207,137
138,classifier.6,0,0,0,137,1,0,-43,[0:7]: -43*0=0,7207,7207,138
139,classifier.6,0,0,0,138,1,23,-17,[0:7]: -17*23=-391,6816,6816,139
140,classifier.6,0,0,0,139,1,10,15,[0:7]: 15*10=150,6966,6966,140
141,classifier.6,0,0,0,140,1,0,-20,[0:7]: -20*0=0,6966,6966,141
142,classifier.6,0,0,0,141,1,0,14,[0:7]: 14*0=0,6966,6966,142
143,classifier.6,0,0,0,142,1,0,11,[0:7]: 11*0=0,6966,6966,143
144,classifier.6,0,0,0,143,1,0,3,[0:7]: 3*0=0,6966,6966,144
145,classifier.6,0,0,0,144,1,48,38,[0:7]: 38*48=1824,8790,8790,145
146,classifier.6,0,0,0,145,1,0,22,[0:7]: 22*0=0,8790,8790,146
147,classifier.6,0,0,0,146,1,42,-28,[0:7]: -28*42=-1176,7614,7614,147
148,classifier.6,0,0,0,147,1,0,-44,[0:7]: -44*0=0,7614,7614,148
149,classifier.6,0,0,0,148,1,39,-23,[0:7]: -23*39=-897,6717,6717,149
150,classifier.6,0,0,0,149,1,0,35,[0:7]: 35*0=0,6717,6717,150
151,classifier.6,0,0,0,150,1,30,62,[0:7]: 62*30=1860,8577,8577,151
152,classifier.6,0,0,0,151,1,0,-42,[0:7]: -42*0=0,8577,8577,152
153,classifier.6,0,0,0,152,1,23,24,[0:7]: 24*23=552,9129,9129,153
154,classifier.6,0,0,0,153,1,65,-7,[0:7]: -7*65=-455,8674,8674,154
155,classifier.6,0,0,0,154,1,58,-27,[0:7]: -27*58=-1566,7108,7108,155
156,classifier.6,0,0,0,155,1,9,-49,[0:7]: -49*9=-441,6667,6667,156
157,classifier.6,0,0,0,156,1,48,0,[0:7]: 0*48=0,6667,6667,157
158,classifier.6,0,0,0,157,1,0,7,[0:7]: 7*0=0,6667,6667,158
159,classifier.6,0,0,0,158,1,4,-2,[0:7]: -2*4=-8,6659,6659,159
160,classifier.6,0,0,0,159,1,9,24,[0:7]: 24*9=216,6875,6875,160
161,classifier.6,0,0,0,160,1,21,-30,[0:7]: -30*21=-630,6245,6245,161
162,classifier.6,0,0,0,161,1,13,37,[0:7]: 37*13=481,6726,6726,162
163,classifier.6,0,0,0,162,1,0,13,[0:7]: 13*0=0,6726,6726,163
164,classifier.6,0,0,0,163,1,0,-7,[0:7]: -7*0=0,6726,6726,164
165,classifier.6,0,0,0,164,1,0,10,[0:7]: 10*0=0,6726,6726,165
166,classifier.6,0,0,0,165,1,0,52,[0:7]: 52*0=0,6726,6726,166
167,classifier.6,0,0,0,166,1,0,27,[0:7]: 27*0=0,6726,6726,167
168,classifier.6,0,0,0,167,1,0,-6,[0:7]: -6*0=0,6726,6726,168
169,classifier.6,0,0,0,168,1,53,11,[0:7]: 11*53=583,7309,7309,169
170,classifier.6,0,0,0,169,1,0,-4,[0:7]: -4*0=0,7309,7309,170
171,classifier.6,0,0,0,170,1,17,3,[0:7]: 3*17=51,7360,7360,171
172,classifier.6,0,0,0,171,1,0,1,[0:7]: 1*0=0,7360,7360,172
173,classifier.6,0,0,0,172,1,24,45,[0:7]: 45*24=1080,8440,8440,173
174,classifier.6,0,0,0,173,1,26,19,[0:7]: 19*26=494,8934,8934,174
175,classifier.6,0,0,0,174,1,0,32,[0:7]: 32*0=0,8934,8934,175
176,classifier.6,0,0,0,175,1,0,-23,[0:7]: -23*0=0,8934,8934,176
177,classifier.6,0,0,0,176,1,29,12,[0:7]: 12*29=348,9282,9282,177
178,classifier.6,0,0,0,177,1,0,-4,[0:7]: -4*0=0,9282,9282,178
179,classifier.6,0,0,0,178,1,32,81,[0:7]: 81*32=2592,11874,11874,179
180,classifier.6,0,0,0,179,1,74,28,[0:7]: 28*74=2072,13946,13946,180
181,classifier.6,0,0,0,180,1,6,-33,[0:7]: -33*6=-198,13748,13748,181
